Teams,Year,Round,Seed Adv.,AdjEM Adv.,AdjO Adv.,AdjD Adv.,Tempo Diff.,NCSOS Adv.,Fav. MOV,Survive,KenPom,FiveThirtyEight,Negatives
[3] Michigan vs. [11] Loyola-Chicago,0,4,8,7.5238,3.288,4.2362,-0.6842,1.03,,,0.66,0.694551854,-4.2362
[1] Villanova vs. [1] Kansas,0,4,0,8.7797,6.251,2.5292,-0.1232,0.4,,,0.71,0.636472085,-2.5292
[9] Kansas State vs. [11] Loyola-Chicago,2018,8,2,-0.13,-4.9,0.8,0.4,-0.4,-16,0,0.5,0.661226434,-0.8
[3] Michigan vs. [9] Florida State,2018,8,6,6.45,0.9,5.6,-6.7,2.12,4,1,0.66,0.669082449,-5.6
[1] Villanova vs. [3] Texas Tech,2018,8,2,9.35,1.3,-4,1.9,9.23,12,1,0.72,0.828309806,4
[1] Kansas vs. [2] Duke,2018,8,1,-5.56,-1.9,-3.5,-1,-0.9,4,1,0.36,0.457120141,3.5
[5] Kentucky vs. [9] Kansas State,2018,16,4,5.80,6.00,-0.10,3.30,11.22,-3,0,0.636,0.711099085,0.10
[7] Nevada vs. [11] Loyola-Chicago,2018,16,4,2.97,9.10,-6.00,4.40,9.52,-1,0,0.569,0.5062391,6.00
[4] Gonzaga vs. [9] Florida State,2018,16,5,7.67,4.30,3.30,-2.00,9.89,-15,0,0.689,0.720037541,-3.30
[3] Michigan vs. [7] Texas A&M,2018,16,4,5.26,3.40,1.80,-4.80,-9.89,27,1,0.623,0.520378127,-1.80
[1] Villanova vs. [5] West Virginia,2018,16,4,9.55,7.80,1.70,-0.60,8.52,12,1,0.725,0.696420707,-1.70
[2] Purdue vs. [3] Texas Tech,2018,16,1,4.82,9.60,-4.60,0.30,6.02,-13,0,0.611,0.624368268,4.60
[1] Kansas vs. [5] Clemson,2018,16,4,1.74,6.50,-4.90,2.60,5.39,4,1,0.539,0.727993059,4.90
[2] Duke vs. [11] Syracuse,2018,16,9,14.97,16.10,-1.10,6.80,4.35,4,1,0.811,0.845631009,1.10
[9] Kansas State vs. [16] UMBC,2018,32,7,14.99,7.60,7.50,-2.80,-2.63,7,1,0.81,0.724490276,-7.50
[5] Kentucky vs. [13] Buffalo,2018,32,8,8.17,1.10,7.10,-3.90,0.97,20,1,0.71,0.714948716,-7.10
[3] Tennessee vs. [11] Loyola-Chicago,2018,32,8,7.37,3.60,3.90,0.90,13.19,-1,0,0.66,0.725475451,-3.90
[2] Cincinnati vs. [7] Nevada,2018,32,5,9.00,-6.70,15.70,-5.00,-8.34,-2,0,0.7,0.865944982,-15.70
[1] Xavier vs. [9] Florida State,2018,32,8,5.39,5.60,0.00,-1.00,8.81,-5,0,0.64,0.706457143,0.00
[4] Gonzaga vs. [5] Ohio State,2018,32,1,3.30,3.30,0.10,2.50,2.83,6,1,0.58,0.726642598,-0.10
[3] Michigan vs. [6] Houston,2018,32,3,3.13,0.10,3.10,-1.40,-1.89,1,1,0.57,0.583971781,-3.10
[2] UNC vs. [7] Texas A&M,2018,32,5,7.77,10.10,-2.20,1.90,2.70,-21,0,0.69,0.811153549,2.20
[1] Villanova vs. [9] Alabama,2018,32,8,17.67,18.40,-0.70,-0.40,1.09,23,1,0.87,0.903674685,0.70
[5] West Virginia vs. [13] Marshall,2018,32,8,15.41,9.90,5.60,-5.80,2.59,23,1,0.86,0.874742981,-5.60
[3] Texas Tech vs. [6] Florida,2018,32,3,2.86,-1.00,3.90,-0.50,-9.61,3,1,0.57,0.557318833,-3.90
[2] Purdue vs. [10] Butler,2018,32,8,8.27,7.20,1.10,-0.60,0.64,3,1,0.69,0.657697678,-1.10
[1] Kansas vs. [8] Seton Hall,2018,32,7,5.65,3.90,1.70,-0.90,3.29,4,1,0.64,0.775482333,-1.70
[4] Auburn vs. [5] Clemson,2018,32,1,0.07,2.80,-2.80,6.60,0.10,-31,0,0.5,0.473570715,2.80
[3] Michigan State vs. [11] Syracuse,2018,32,8,11.72,13.20,-1.30,4.00,-4.47,-2,0,0.75,0.83194182,1.30
[2] Duke vs. [7] Rhode Island,2018,32,5,14.32,10.90,3.50,1.50,0.55,25,1,0.82,0.843125871,-3.50
[1] Virginia vs. [16] UMBC,2018,64,15,34.06,13.40,21.00,-9.00,3.62,-20,0,0.967,0.978539485,-21.00
[1] Villanova vs. [16] Radford,2018,64,15,31.46,24.00,6.80,5.30,0.10,26,1,0.96,0.983264047,-6.80
[1] Kansas vs. [16] Penn,2018,64,15,19.54,17.50,2.20,-0.50,6.48,16,1,0.888,0.954136245,-2.20
[1] Xavier vs. [16] Texas Southern,2018,64,15,29.35,16.00,12.50,-1.10,-15.38,19,1,0.97,0.972796977,-12.50
[2] Duke vs. [15] Iona,2018,64,13,26.26,12.40,14.00,-0.70,2.35,22,1,0.959,0.958061524,-14.00
[2] UNC vs. [15] Lipscomb,2018,64,13,24.67,18.00,6.40,-3.90,1.92,18,1,0.959,0.964770083,-6.40
[2] Purdue vs. [15] Cal State Fullerton,2018,64,13,25.35,18.50,7.00,-7.60,-2.56,26,1,0.943,0.977510528,-7.00
[2] Cincinnati vs. [15] Georgia State,2018,64,13,19.79,4.20,15.70,-2.20,-1.26,15,1,0.873,0.932632275,-15.70
[3] Tennessee vs. [14] Wright State,2018,64,11,19.33,13.70,5.60,-2.00,5.26,26,1,0.881,0.907044873,-5.60
[3] Texas Tech vs. [14] Stephen F. Austin,2018,64,11,16.38,9.00,7.40,-4.60,-3.07,10,1,0.854,0.893567434,-7.40
[3] Michigan State vs. [14] Bucknell,2018,64,11,19.54,10.90,8.70,-4.20,-10.85,4,1,0.894,0.922757,-8.70
[3] Michigan vs. [14] Montana,2018,64,11,12.36,5.80,6.70,-3.60,-7.12,14,1,0.765,0.893139074,-6.70
[4] Wichita State vs. [13] Marshall,2018,64,9,14.69,12.40,1.70,-6.20,8.88,-6,0,0.841,0.909079412,-1.70
[4] Gonzaga vs. [13] UNC Greensboro,2018,64,9,15.68,14.00,1.40,3.90,6.47,4,1,0.826,0.917008999,-1.40
[4] Auburn vs. [13] College of Charleston,2018,64,9,15.90,8.40,7.80,7.60,5.71,4,1,0.841,0.798161036,-7.80
[4] Arizona vs. [13] Buffalo,2018,64,9,8.88,4.70,4.00,-5.50,-1.26,-21,0,0.718,0.848210938,-4.00
[5] Ohio State vs. [12] South Dakota State,2018,64,7,10.52,1.80,9.10,-3.80,-3.50,8,1,0.744,0.765700867,-9.10
[5] West Virginia vs. [12] Murray State,2018,64,7,9.07,5.90,2.90,1.80,-3.48,17,1,0.714,0.83594834,-2.90
[5] Kentucky vs. [12] Davidson,2018,64,7,5.50,-1.00,6.50,4.40,3.34,5,1,0.624,0.757058643,-6.50
[5] Clemson vs. [12] New Mexico State,2018,64,7,6.71,5.50,1.30,-2.60,-6.04,11,1,0.657,0.619810057,-1.30
[6] Florida vs. [11] St. Bonaventure,2018,64,5,7.51,3.40,3.70,-2.40,3.06,15,1,0.67,0.721693979,-3.70
[6] TCU vs. [11] Syracuse,2018,64,5,5.33,13.20,-8.10,5.50,-0.20,-5,0,0.62,0.555835292,8.10
[6] Houston vs. [11] San Diego State,2018,64,5,6.39,4.60,1.90,-0.40,-2.54,2,1,0.653,0.71781195,-1.90
[6] Miami vs. [11] Loyola-Chicago,2018,64,5,0.57,2.00,-1.40,1.80,2.05,-2,0,0.515,0.598094157,1.40
[7] Texas A&M vs. [10] Providence,2018,64,3,4.99,2.40,2.90,1.90,6.31,4,1,0.619,0.582693088,-2.90
[7] Nevada vs. [10] Texas,2018,64,3,2.72,10.50,-7.90,4.30,2.01,4,1,0.565,0.403987427,7.90
[7] Rhode Island vs. [10] Oklahoma,2018,64,3,-0.04,-3.50,3.40,-7.10,1.82,5,1,0.498,0.580447462,-3.40
[7] Arkansas vs. [10] Butler,2018,64,3,-2.24,1.80,-3.80,1.80,1.03,-17,0,0.442,0.396177591,3.80
[8] Seton Hall vs. [9] N.C. State,2018,64,1,2.21,-0.10,2.30,-2.00,9.86,11,1,0.555,0.631560664,-2.30
[8] Creighton vs. [9] Kansas State,2018,64,1,2.53,4.30,-1.80,5.30,2.21,-10,0,0.56,0.582607254,1.80
[8] Missouri vs. [9] Florida State,2018,64,1,-0.35,-2.50,2.40,0.00,8.02,-13,0,0.491,0.293911988,-2.40
[8] Virginia Tech vs. [9] Alabama,2018,64,1,2.81,6.50,-3.90,-0.10,-12.59,-3,0,0.571,0.593169778,3.90
[1] Gonzaga vs. [16] South Dakota State,2017,64,15,34.39,9.93,24.46,2.97,-0.88,20,1,0.985,0.976795631,-24.46
[1] Kansas vs. [16] UC Davis,2017,64,15,30.73,22.98,7.74,1.77,3.94,38,1,0.97,0.983190645,-7.74
[1] Villanova vs. [16] Mount St. Mary's,2017,64,15,35.01,23.78,11.24,-2.82,-7.39,20,1,0.98,0.987426988,-11.24
[1] UNC vs. [16] Texas Southern,2017,64,15,31.67,18.45,13.22,2.24,-8.80,39,1,0.98,0.979275339,-13.22
[2] Kentucky vs. [15] Northern Kentucky,2017,64,13,25.93,12.49,13.44,4.93,6.20,9,1,0.956,0.966806379,-13.44
[2] Louisville vs. [15] Jacksonville State,2017,64,13,26.14,11.82,14.32,4.42,3.56,15,1,0.934,0.973818119,-14.32
[2] Duke vs. [15] Troy,2017,64,13,22.41,11.10,11.32,-0.08,6.73,22,1,0.917,0.966903494,-11.32
[2] Arizona vs. [15] North Dakota,2017,64,13,23.05,14.73,8.32,-5.58,-1.54,18,1,0.925,0.952501635,-8.32
[3] UCLA vs. [14] Kent State,2017,64,11,21.22,18.34,2.88,4.91,1.09,17,1,0.922,0.941723643,-2.88
[3] Baylor vs. [14] New Mexico State,2017,64,11,17.69,7.24,10.46,-4.43,6.16,18,1,0.841,0.903498885,-10.46
[3] Oregon vs. [14] Iona,2017,64,11,19.83,7.53,12.29,-3.77,0.43,16,1,0.894,0.922453145,-12.29
[3] Florida State vs. [14] Florida Gulf Coast,2017,64,11,17.73,7.18,10.55,5.51,-6.29,6,1,0.863,0.875459337,-10.55
[4] Florida vs. [13] East Tennessee State,2017,64,9,14.91,7.88,7.03,-1.20,8.33,15,1,0.829,0.874918052,-7.03
[4] Butler vs. [13] Winthrop,2017,64,9,16.28,11.54,4.75,-5.62,2.81,12,1,0.843,0.890205906,-4.75
[4] West Virginia vs. [13] Bucknell,2017,64,9,18.08,7.40,10.68,0.21,-9.01,6,1,0.879,0.901829515,-10.68
[4] Purdue vs. [13] Vermont,2017,64,9,12.34,6.08,6.26,4.56,-3.80,10,1,0.768,0.859696311,-6.26
[5] Virginia vs. [12] UNC Wilmington,2017,64,7,14.28,-4.02,18.30,-11.19,0.30,5,1,0.785,0.844766912,-18.30
[5] Iowa State vs. [12] Nevada,2017,64,7,9.77,5.06,4.71,-1.48,0.75,11,1,0.731,0.830879631,-4.71
[5] Notre Dame vs. [12] Princeton,2017,64,7,8.59,9.50,-0.90,3.92,-6.47,2,1,0.687,0.754708167,0.90
[5] Minnesota vs. [12] Middle Tennessee State,2017,64,7,1.93,-2.07,4.00,5.14,-5.50,-9,0,0.543,0.519562241,-4.00
[6] SMU vs. [11] USC,2017,64,5,12.92,7.57,5.35,-5.33,1.91,-1,0,0.77,0.803945283,-5.35
[6] Cincinnati vs. [11] Kansas State,2017,64,5,4.76,2.18,2.59,-2.38,4.69,14,1,0.6,0.613861756,-2.59
[6] Creighton vs. [11] Rhode Island,2017,64,5,3.97,4.97,-1.00,4.76,-3.30,-12,0,0.598,0.560859159,1.00
[6] Maryland vs. [11] Xavier,2017,64,5,-0.48,-1.18,0.70,-0.13,-6.75,-9,0,0.487,0.505718275,-0.70
[7] St. Mary's vs. [10] VCU,2017,64,3,10.34,8.88,1.46,-8.89,0.61,8,1,0.71,0.737770788,-1.46
[7] South Carolina vs. [10] Marquette,2017,64,3,-0.54,-15.40,14.85,-1.72,4.17,20,1,0.488,0.567264573,-14.85
[7] Michigan vs. [10] Oklahoma State,2017,64,3,0.51,-3.24,3.76,-7.45,-3.34,1,1,0.513,0.63343539,-3.76
[7] Dayton vs. [10] Wichita State,2017,64,3,-10.74,-7.34,-3.40,-0.05,2.92,-6,0,0.25,0.307641691,3.40
[8] Wisconsin vs. [9] Virginia Tech,2017,64,1,7.35,-3.77,11.12,-4.99,6.75,10,1,0.665,0.789798041,-11.12
[8] Arkansas vs. [9] Seton Hall,2017,64,1,1.65,6.84,-5.19,2.13,0.92,6,1,0.541,0.505738239,5.19
[8] Miami vs. [9] Michigan State,2017,64,1,1.98,-0.18,2.17,-3.75,-8.26,-20,0,0.543,0.551241404,-2.17
[8] Northwestern vs. [9] Vanderbilt,2017,64,1,-0.73,-1.11,0.39,-0.45,-9.42,2,1,0.485,0.454292816,-0.39
[3] Baylor vs. [11] USC,2017,32,8,12.26,4.10,8.30,-5.10,4.78,4,1,0.76,0.761875936,-8.30
[1] Kansas vs. [9] Michigan State,2017,32,8,10.06,9.50,0.60,3.60,-1.45,20,1,0.74,0.812962427,-0.60
[3] Oregon vs. [11] Rhode Island,2017,32,8,7.44,7.00,0.60,0.40,-1.35,3,1,0.67,0.677668426,-0.60
[3] Florida State vs. [11] Xavier,2017,32,8,6.56,1.50,5.10,4.10,-9.42,-25,0,0.66,0.700821376,-5.10
[4] Butler vs. [12] Middle Tennessee State,2017,32,8,5.22,4.90,0.20,1.10,1.26,9,1,0.62,0.702719741,-0.20
[2] Kentucky vs. [10] Wichita State,2017,32,8,0.21,-0.40,0.90,4.40,3.95,3,1,0.51,0.673671972,-0.90
[1] Gonzaga vs. [8] Northwestern,2017,32,7,17.20,8.40,8.80,4.60,3.54,6,1,0.85,0.881951066,-8.80
[1] UNC vs. [8] Arkansas,2017,32,7,12.24,5.20,6.30,1.20,5.36,7,1,0.77,0.821819319,-6.30
[1] Villanova vs. [8] Wisconsin,2017,32,7,7.85,8.30,-0.50,0.70,5.18,-3,0,0.66,0.787549117,0.50
[2] Duke vs. [7] South Carolina,2017,32,5,7.23,14.20,-7.70,-0.40,-2.28,-7,0,0.66,0.777953651,7.70
[2] Louisville vs. [7] Michigan,2017,32,5,3.70,-5.10,8.20,5.00,4.95,-4,0,0.57,0.673297582,-8.20
[2] Arizona vs. [7] St. Mary's,2017,32,5,-1.69,-1.10,-0.60,6.00,5.80,9,1,0.46,0.552600206,0.60
[3] UCLA vs. [6] Cincinnati,2017,32,3,0.16,8.20,-7.90,9.50,-4.25,12,1,0.51,0.608901849,7.90
[4] West Virginia vs. [5] Notre Dame,2017,32,1,5.78,-1.90,7.60,3.10,-3.95,12,1,0.64,0.685075367,-7.60
[4] Purdue vs. [5] Iowa State,2017,32,1,1.10,-2.30,3.40,0.90,-1.73,4,1,0.53,0.541709479,-3.40
[4] Florida vs. [5] Virginia,2017,32,1,0.34,2.50,-2.10,9.80,6.12,26,1,0.51,0.46519007,2.10
[2] Arizona vs. [11] Xavier,2017,16,9,6.69,2.50,4.20,-1.10,-4.29,-2,0,0.65,0.676927266,-4.20
[3] Baylor vs. [7] South Carolina,2017,16,4,6.64,10.80,-4.00,-5.00,-0.69,-20,0,0.66,0.562116141,4.00
[4] Florida vs. [8] Wisconsin,2017,16,4,5.02,1.80,3.40,5.60,9.81,1,1,0.62,0.543787372,-3.40
[3] Oregon vs. [7] Michigan,2017,16,4,0.78,-4.20,5.00,3.90,1.02,1,1,0.52,0.433894122,-5.00
[1] UNC vs. [4] Butler,2017,16,3,6.22,3.40,2.90,5.20,-1.22,12,1,0.65,0.679491908,-2.90
[1] Gonzaga vs. [4] West Virginia,2017,16,3,5.27,2.40,2.90,0.20,8.63,3,1,0.64,0.656168112,-2.90
[1] Kansas vs. [4] Purdue,2017,16,3,2.49,4.30,-1.80,1.30,4.69,32,1,0.63,0.696751086,1.80
[2] Kentucky vs. [3] UCLA,2017,16,1,3.11,-5.10,8.30,-0.50,8.37,11,1,0.59,0.676173719,-8.30
[1] Gonzaga vs. [11] Xavier,2017,8,10,14.99,2.50,12.50,2.90,-5.10,24,1,0.83,0.783583138,-12.50
[4] Florida vs. [7] South Carolina,2017,8,3,8.07,9.30,-1.20,0.30,6.53,-7,0,0.7,0.592792165,1.20
[1] Kansas vs. [3] Oregon,2017,8,2,4.43,4.50,0.00,3.40,2.05,-14,0,0.67,0.822252439,0.00
[1] UNC vs. [2] Kentucky,2017,8,1,-0.02,2.10,-2.20,-1.00,0.24,2,1,0.5,0.439490707,2.20
[1] Gonzaga vs. [7] South Carolina,2017,4,6,12.38,10.50,1.90,1.40,-1.63,4,1,0.79,0.688488325,-1.90
[1] UNC vs. [3] Oregon,2017,4,2,2.85,2.80,0.10,4.20,3.47,1,1,0.57,0.521927373,-0.10
[1] UNC vs. [1] Gonzaga,2017,2,0,-4.90,1.60,-6.60,1.20,3.45,6,1,0.37,0.379309636,6.60
[1] Virginia vs. [16] Hampton,2016,64,15,35.90,20.47,15.43,-10.58,7.05,36,1,0.962,0.98257765,-15.43
[1] Oregon vs. [16] Holy Cross,2016,64,15,34.27,22.59,11.68,4.45,9.79,39,1,0.96,0.98086401,-11.68
[1] Kansas vs. [16] Austin Peay,2016,64,15,34.90,16.37,18.53,-0.50,7.88,26,1,0.97,0.99027066,-18.53
[1] UNC vs. [16] Florida Gulf Coast,2016,64,15,29.43,18.22,11.21,4.49,5.35,16,1,0.96,0.98468028,-11.21
[2] Michigan State vs. [15] Middle Tennessee State,2016,64,13,25.75,19.88,5.87,-1.24,0.65,-9,0,0.922,0.9485191,-5.87
[2] Villanova vs. [15] UNC-Asheville,2016,64,13,22.54,8.25,9.24,-3.60,2.84,30,1,0.9,0.96293972,-9.24
[2] Oklahoma vs. [15] CSU Bakersfield,2016,64,13,18.35,13.92,4.44,2.25,7.74,14,1,0.87,0.95858319,-4.44
[2] Xavier vs. [15] Weber State,2016,64,13,18.97,13.50,5.47,4.93,0.43,18,1,0.86,0.94127341,-5.47
[3] Miami vs. [14] Buffalo,2016,64,11,20.14,13.31,6.83,-6.09,2.58,7,1,0.87,0.85764429,-6.83
[3] Texas A&M vs. [14] Green Bay,2016,64,11,17.82,5.93,11.88,-9.57,6.32,27,1,0.83,0.88231513,-11.88
[3] Utah vs. [14] Fresno State,2016,64,11,11.41,8.59,2.82,-3.73,5.70,11,1,0.752,0.87009917,-2.82
[3] West Virginia vs. [14] Stephen F. Austin,2016,64,11,11.51,5.05,6.46,1.94,-0.05,-14,0,0.7,0.84810393,-6.46
[4] Kentucky vs. [13] Stony Brook,2016,64,9,16.66,15.03,1.64,0.04,4.02,28,1,0.82,0.92530662,-1.64
[4] Duke vs. [13] UNC Wilmington,2016,64,9,12.79,11.74,1.06,-2.66,11.77,8,1,0.73,0.84597916,-1.06
[4] Iowa State vs. [13] Iona,2016,64,9,13.24,10.43,2.81,-0.76,-0.14,13,1,0.752,0.84070229,-2.81
[4] Cal vs. [13] Hawaii,2016,64,9,7.90,4.66,3.24,-2.50,5.02,-11,0,0.68,0.83441016,-3.24
[5] Indiana vs. [12] Chattanooga,2016,64,7,15.38,13.70,1.68,1.56,1.14,25,1,0.82,0.87683343,-1.68
[5] Purdue vs. [12] Arkansas-Little Rock,2016,64,7,11.27,8.05,3.22,4.34,4.58,-2,0,0.714,0.8419116,-3.22
[5] Maryland vs. [12] South Dakota State,2016,64,7,11.13,5.47,5.66,-0.99,1.87,5,1,0.73,0.79464229,-5.66
[5] Baylor vs. [12] Yale,2016,64,7,6.09,9.25,-3.16,0.48,3.96,-4,0,0.6,0.61274924,3.16
[6] Texas vs. [11] Northern Iowa,2016,64,5,7.01,4.52,2.49,2.77,1.62,-3,0,0.66,0.70010916,-2.49
[6] Notre Dame vs. [11] Michigan,2016,64,5,1.43,4.60,-3.17,-0.98,0.99,7,1,0.54,0.6621377,3.17
[6] Arizona vs. [11] Wichita State,2016,64,5,0.73,5.63,-4.89,2.47,-7.38,-10,0,0.44,0.49548547,4.89
[6] Seton Hall vs. [11] Gonzaga,2016,64,5,-1.61,-5.01,3.40,2.27,-8.24,-16,0,0.514,0.39818101,-3.40
[7] Iowa vs. [10] Temple,2016,64,3,13.01,9.68,3.33,2.83,-1.20,2,1,0.77,0.72194021,-3.33
[7] Wisconsin vs. [10] Pitt,2016,64,3,0.16,-3.72,3.88,-2.29,7.52,4,1,0.56,0.62883547,-3.88
[7] Dayton vs. [10] Syracuse,2016,64,3,-2.51,-4.42,1.92,2.95,4.22,-19,0,0.453,0.52355784,-1.92
[7] Oregon State vs. [10] VCU,2016,64,3,-3.78,-0.15,-3.63,-2.30,-0.75,-8,0,0.41,0.26556296,3.63
[8] USC vs. [9] Providence,2016,64,1,1.19,4.58,-3.39,2.70,2.16,-1,0,0.49,0.37799129,3.39
[8] Texas Tech vs. [9] Butler,2016,64,1,-1.13,-3.47,2.35,-1.73,4.94,-10,0,0.495,0.33060551,-2.35
[8] St. Joseph's vs. [9] Cincinnati,2016,64,1,-2.52,3.40,-5.92,6.20,2.50,2,1,0.45,0.39351391,5.92
[8] Colorado vs. [9] UConn,2016,64,1,-5.16,-2.87,-2.30,3.21,-2.56,-7,0,0.36,0.36337233,2.30
[1] UNC vs. [9] Providence,2016,32,8,14.07,11.60,2.50,2.80,5.50,19,1,0.84,0.91738813,-2.50
[1] Virginia vs. [9] Butler,2016,32,8,12.98,3.20,9.70,-7.20,7.74,8,1,0.8,0.79460236,-9.70
[3] Texas A&M vs. [11] Northern Iowa,2016,32,8,11.29,5.00,6.30,4.00,0.03,4,1,0.75,0.75595612,-6.30
[1] Kansas vs. [9] UConn,2016,32,8,10.40,8.60,1.90,3.10,4.13,12,1,0.73,0.85577926,-1.90
[5] Maryland vs. [13] Hawaii,2016,32,8,7.54,7.90,-0.30,-3.30,5.92,13,1,0.63,0.78947046,0.30
[4] Iowa State vs. [12] Arkansas-Little Rock,2016,32,8,6.60,11.50,-4.80,7.70,8.02,17,1,0.64,0.77479037,4.80
[4] Duke vs. [12] Yale,2016,32,8,7.75,12.00,-4.30,1.40,9.76,7,1,0.61,0.70701939,4.30
[2] Oklahoma vs. [10] VCU,2016,32,8,8.13,6.50,1.60,0.30,0.18,4,1,0.76,0.83714074,-1.60
[3] Miami vs. [11] Wichita State,2016,32,8,-0.35,7.00,-7.40,0.00,-2.47,8,1,0.43,0.40601034,7.40
[6] Notre Dame vs. [14] Stephen F. Austin,2016,32,8,0.69,8.40,-7.70,-2.60,-1.46,1,1,0.43,0.57302334,7.70
[3] Utah vs. [11] Gonzaga,2016,32,8,-1.90,0.10,-2.00,-2.20,-2.88,-23,0,0.45,0.52341766,2.00
[1] Oregon vs. [8] St. Joseph's,2016,32,7,8.32,5.50,2.90,-2.10,-0.27,5,1,0.69,0.79991294,-2.90
[10] Syracuse vs. [15] Middle Tennessee State,2016,32,5,11.40,7.10,4.20,-2.80,0.15,25,1,0.73,0.72337889,-4.20
[2] Xavier vs. [7] Wisconsin,2016,32,5,5.73,6.40,-0.70,8.80,-1.14,-3,0,0.64,0.61269032,0.70
[2] Villanova vs. [7] Iowa,2016,32,5,6.70,2.90,3.80,-2.00,2.04,19,1,0.69,0.77877812,-3.80
[4] Kentucky vs. [5] Indiana,2016,32,1,2.64,1.00,1.60,-0.80,6.09,-6,0,0.58,0.62455729,-1.60
[1] Kansas vs. [5] Maryland,2016,16,4,8.87,4.10,4.80,1.70,4.78,16,1,0.727,0.72969483,-4.80
[1] UNC vs. [5] Indiana,2016,16,4,4.90,0.30,4.40,2.90,4.97,15,1,0.658,0.73008775,-4.40
[1] Virginia vs. [4] Iowa State,2016,16,3,8.41,-0.70,8.80,-10.20,2.29,13,1,0.708,0.64717901,-8.80
[1] Oregon vs. [4] Duke,2016,16,3,0.16,-3.30,3.50,0.60,-4.09,-14,0,0.546,0.56596292,-3.50
[2] Villanova vs. [3] Miami,2016,16,1,4.88,0.90,4.10,0.60,0.24,23,1,0.634,0.67496869,-4.10
[2] Oklahoma vs. [3] Texas A&M,2016,16,1,2.50,3.80,-1.20,2.90,-2.86,14,1,0.561,0.60538521,1.20
[6] Notre Dame vs. [7] Wisconsin,2016,16,1,-0.15,9.50,-9.90,1.70,-3.77,5,1,0.484,0.49544658,9.90
[10] Syracuse vs. [11] Gonzaga,2016,16,1,-3.26,-5.90,0.60,-2.60,-5.79,3,1,0.419,0.52782388,-0.60
[1] Virginia vs. [10] Syracuse,2016,8,9,12.00,8.60,3.40,-3.70,4.88,-6,0,0.78,0.693670004,-3.40
[1] UNC vs. [6] Notre Dame,2016,8,5,12.18,2.80,9.40,6.20,3.83,14,1,0.79,0.824469549,-9.40
[1] Kansas vs. [2] Villanova,2016,8,1,0.64,-0.70,1.30,2.60,1.24,-5,0,0.5,0.585409464,-1.30
[1] Oregon vs. [2] Oklahoma,2016,8,1,-1.70,1.10,-2.90,-1.80,-0.31,-12,0,0.47,0.458513332,2.90
[1] UNC vs. [10] Syracuse,2016,4,9,10.48,11.10,-0.60,5.70,3.16,17,1,0.74,0.702790025,0.60
[2] Oklahoma vs. [2] Villanova,2016,4,0,-4.19,-2.50,-1.70,3.60,-1.64,-44,0,0.62,0.543081169,1.70
[1] UNC vs. [2] Villanova,2016,2,1,-1.99,1.80,-3.80,4.50,-0.17,-3,0,0.44,0.53835937,3.80
[1] Kentucky vs. [16] Hampton,2015,64,15,45.94,25.23,20.71,-6.67,10.64,23,1,0.99,0.999000987,-20.71
[1] Wisconsin vs. [16] Coastal Carolina,2015,64,15,31.90,21.39,10.51,-5.60,11.40,14,1,0.956,0.984445021,-10.51
[1] Villanova vs. [16] Lafayette,2015,64,15,32.71,9.78,22.93,-0.48,3.32,41,1,0.968,0.98493765,-22.93
[1] Duke vs. [16] Robert Morris,2015,64,15,30.85,21.93,8.92,0.60,1.74,29,1,0.94,0.981596637,-8.92
[2] Gonzaga vs. [15] North Dakota State,2015,64,13,28.32,19.24,9.08,3.95,11.49,10,1,0.938,0.974276799,-9.08
[2] Arizona vs. [15] Texas Southern,2015,64,13,36.18,15.18,21.01,2.68,-7.07,21,1,0.977,0.993295046,-21.01
[2] Virginia vs. [15] Belmont,2015,64,13,29.39,6.20,23.19,-9.04,4.99,12,1,0.952,0.963731659,-23.19
[2] Kansas vs. [15] New Mexico State,2015,64,13,16.74,7.45,9.29,3.69,9.41,19,1,0.835,0.889897492,-9.29
[3] Oklahoma vs. [14] Albany,2015,64,11,21.07,5.32,15.75,6.25,5.06,9,1,0.891,0.901897813,-15.75
[3] Iowa State vs. [14] UAB,2015,64,11,20.20,15.58,4.62,4.91,-4.29,-1,0,0.866,0.907896808,-4.62
[3] Notre Dame vs. [14] Northeastern,2015,64,11,19.25,16.73,2.52,0.23,-7.10,4,1,0.875,0.899272914,-2.52
[3] Baylor vs. [14] Georgia State,2015,64,11,13.70,6.73,6.97,-1.30,1.65,-1,0,0.772,0.758454213,-6.97
[4] UNC vs. [13] Harvard,2015,64,9,15.05,14.24,0.82,7.89,9.75,2,1,0.794,0.860863805,-0.82
[4] Georgetown vs. [13] Eastern Washington,2015,64,9,16.60,1.00,15.60,-4.20,5.98,10,1,0.837,0.773918101,-15.60
[4] Louisville vs. [13] UC Irvine,2015,64,9,13.57,2.78,10.78,1.42,0.61,2,1,0.788,0.744975249,-10.78
[4] Maryland vs. [13] Valparaiso,2015,64,9,5.22,4.50,0.73,1.55,5.27,3,1,0.616,0.717329757,-0.73
[5] Northern Iowa vs. [12] Wyoming,2015,64,7,14.55,10.69,3.85,-0.63,9.13,17,1,0.851,0.752684556,-3.85
[5] Utah vs. [12] Stephen F. Austin,2015,64,7,12.89,1.94,10.95,-4.84,1.14,7,1,0.737,0.822513228,-10.95
[5] Arkansas vs. [12] Wofford,2015,64,7,10.58,10.03,0.55,8.59,-4.85,3,1,0.733,0.760941357,-0.55
[5] West Virginia vs. [12] Buffalo,2015,64,7,6.41,1.91,4.51,-0.47,-0.24,6,1,0.626,0.682463058,-4.51
[6] Xavier vs. [11] Ole Miss,2015,64,5,4.23,0.72,3.51,-0.48,2.64,19,1,0.57,0.567156902,-3.51
[6] Providence vs. [11] Dayton,2015,64,5,3.68,3.97,-0.29,1.55,2.76,-13,0,0.59,0.513612635,0.29
[6] SMU vs. [11] UCLA,2015,64,5,3.90,1.26,2.64,-2.65,-1.32,-1,0,0.626,0.642861058,-2.64
[6] Butler vs. [11] Texas,2015,64,5,-0.49,-2.32,1.83,1.32,1.19,8,1,0.476,0.455061867,-1.83
[7] Wichita State vs. [10] Indiana,2015,64,3,7.85,-4.32,12.17,-4.59,5.93,5,1,0.734,0.715652527,-12.17
[7] Michigan State vs. [10] Georgia,2015,64,3,5.53,6.45,-0.92,-0.82,-1.39,7,1,0.616,0.622451894,0.92
[7] Iowa vs. [10] Davidson,2015,64,3,1.43,-7.12,8.55,-3.21,5.66,31,1,0.553,0.623859883,-8.55
[7] VCU vs. [10] Ohio State,2015,64,3,-4.49,-4.69,0.20,1.33,12.15,-3,0,0.442,0.363931963,-0.20
[8] N.C. State vs. [9] LSU,2015,64,1,1.42,5.26,-3.84,-5.25,6.05,1,1,0.519,0.589299423,3.84
[8] San Diego State vs. [9] St. John's,2015,64,1,1.90,-5.72,7.62,-6.25,3.07,12,1,0.575,0.582384112,-7.62
[8] Cincinnati vs. [9] Purdue,2015,64,1,0.27,-2.47,2.74,-4.78,4.50,1,1,0.566,0.53688702,-2.74
[8] Oregon vs. [9] Oklahoma State,2015,64,1,-2.99,2.63,-5.63,3.41,1.59,6,1,0.472,0.406109461,5.63
[2] Arizona vs. [10] Ohio State,2015,32,8,11.17,3.40,7.70,0.70,4.50,15,1,0.81,0.813208807,-7.70
[3] Oklahoma vs. [11] Dayton,2015,32,8,9.06,3.30,5.80,3.70,0.27,6,1,0.69,0.6248616,-5.80
[6] Xavier vs. [14] Georgia State,2015,32,8,8.93,5.00,4.00,2.70,2.71,8,1,0.67,0.725564211,-4.00
[1] Kentucky vs. [8] Cincinnati,2015,32,7,23.03,13.00,10.00,2.90,2.36,13,1,0.91,0.935452438,-10.00
[1] Wisconsin vs. [8] Oregon,2015,32,7,19.76,12.40,7.00,-8.10,4.97,7,1,0.85,0.868972295,-7.00
[1] Villanova vs. [8] N.C. State,2015,32,7,16.38,9.10,7.30,0.10,-1.89,-3,0,0.15,0.871761048,-7.30
[1] Duke vs. [8] San Diego State,2015,32,7,12.87,19.50,-6.60,5.40,-2.05,19,1,0.73,0.849531367,6.60
[2] Gonzaga vs. [7] Iowa,2015,32,5,7.88,8.00,0.10,1.30,3.20,19,1,0.66,0.728240033,-0.10
[2] Virginia vs. [7] Michigan State,2015,32,5,9.31,-0.30,9.80,-5.30,1.93,-6,0,0.75,0.72091006,-9.80
[2] Kansas vs. [7] Wichita State,2015,32,5,1.83,-0.60,2.40,4.90,6.63,-13,0,0.51,0.569568178,-2.40
[11] UCLA vs. [14] UAB,2015,32,3,10.83,7.70,3.10,1.10,-0.33,17,1,0.73,0.675078463,-3.10
[3] Notre Dame vs. [6] Butler,2015,32,3,3.11,13.70,-10.60,0.20,-9.47,3,1,0.58,0.597887173,10.60
[4] UNC vs. [5] Arkansas,2015,32,1,6.42,3.50,3.00,0.00,9.63,9,1,0.62,0.693802159,-3.00
[4] Louisville vs. [5] Northern Iowa,2015,32,1,-1.89,-7.50,5.70,6.40,-0.95,13,1,0.38,0.451679047,-5.70
[4] Maryland vs. [5] West Virginia,2015,32,1,-2.21,-1.70,-0.60,-4.10,1.40,-10,0,0.47,0.452693853,0.60
[4] Georgetown vs. [5] Utah,2015,32,1,-7.31,-2.30,-5.10,3.50,4.47,-11,0,0.33,0.297250478,5.10
[2] Gonzaga vs. [11] UCLA,2015,16,9,13.55,9.60,3.90,-0.80,0.10,12,1,0.768,0.756366405,-3.90
[1] Kentucky vs. [5] West Virginia,2015,16,4,18.14,8.60,11.60,-5.30,7.81,39,1,0.885,0.873240395,-11.60
[2] Arizona vs. [6] Xavier,2015,16,4,13.35,2.80,10.50,0.60,-1.28,8,1,0.838,0.868555037,-10.50
[4] Louisville vs. [8] N.C. State,2015,16,4,4.88,-5.00,9.80,0.60,-2.84,10,1,0.623,0.552684752,-9.80
[3] Oklahoma vs. [7] Michigan State,2015,16,4,1.82,-4.00,5.60,3.80,0.91,-4,0,0.554,0.459757726,-5.60
[3] Notre Dame vs. [7] Wichita State,2015,16,4,0.96,8.80,-6.70,1.30,-11.52,11,1,0.492,0.527441398,6.70
[1] Duke vs. [5] Utah,2015,16,4,2.65,7.80,-5.10,5.30,1.20,6,1,0.544,0.655415188,5.10
[1] Wisconsin vs. [4] UNC,2015,16,3,9.39,9.00,0.50,-10.70,-3.15,7,1,0.721,0.725841927,-0.50
[4] Louisville vs. [7] Michigan State,2015,8,3,-0.55,-6.70,6.20,1.70,-0.60,-6,0,0.49,0.417190683,-6.20
[1] Kentucky vs. [3] Notre Dame,2015,8,2,13.70,-3.40,17.10,-1.10,14.18,2,1,0.82,0.869213103,-17.10
[1] Wisconsin vs. [2] Arizona,2015,8,1,0.31,8.50,-8.30,-7.10,4.25,7,1,0.43,0.398111414,8.30
[1] Duke vs. [2] Gonzaga,2015,8,1,1.90,1.90,0.20,0.90,-1.92,14,1,0.54,0.590472601,-0.20
[1] Duke vs. [7] Michigan State,2015,4,6,9.17,7.40,1.80,2.60,1.94,20,1,0.7,0.667069908,-1.80
[1] Kentucky vs. [1] Wisconsin,2015,4,0,4.07,-7.40,11.50,3.70,0.74,-7,0,0.65,0.693150713,-11.50
[1] Duke vs. [1] Wisconsin,2015,2,0,-1.97,-4.90,2.90,7.10,-2.87,5,1,0.55,0.530650848,-2.90
[1] Florida vs. [16] Albany,2014,64,15,29.52,14.04,15.49,-0.17,7.14,12,1,0.96,0.987703989,-15.49
[1] Arizona vs. [16] Weber State,2014,64,15,30.89,9.17,21.72,-0.08,1.26,9,1,0.958,0.97769524,-21.72
[1] Virginia vs. [16] Coastal Carolina,2014,64,15,32.40,16.84,15.56,-6.25,8.09,11,1,0.97,0.963891641,-15.56
[1] Wichita State vs. [16] Cal Poly,2014,64,15,25.78,13.87,11.91,4.72,-2.46,27,1,0.94,0.975453921,-11.91
[2] Kansas vs. [15] Eastern Kentucky,2014,64,13,22.38,8.66,13.72,2.28,16.71,11,1,0.882,0.924028936,-13.72
[2] Villanova vs. [15] UW-Milwaukee,2014,64,13,24.90,12.52,12.38,-0.11,8.56,20,1,0.92,0.947195368,-12.38
[2] Michigan vs. [15] Wofford,2014,64,13,24.80,21.45,3.35,0.79,-1.17,17,1,0.913,0.953947339,-3.35
[2] Wisconsin vs. [15] American,2014,64,13,17.95,16.75,1.20,2.87,9.42,40,1,0.822,0.928405222,-1.20
[3] Creighton vs. [14] UL-Lafayette,2014,64,11,19.70,15.76,3.94,-4.96,0.08,10,1,0.87,0.883050561,-3.94
[3] Syracuse vs. [14] Western Michigan,2014,64,11,17.08,8.26,8.82,-5.51,6.06,24,1,0.836,0.88304689,-8.82
[3] Duke vs. [14] Mercer,2014,64,11,17.84,15.97,1.87,0.90,2.93,-7,0,0.846,0.92916605,-1.87
[3] Iowa State vs. [14] North Carolina Central,2014,64,11,12.66,9.49,3.17,7.77,7.46,18,1,0.72,0.812359445,-3.17
[4] Louisville vs. [13] Manhattan,2014,64,9,21.01,12.56,8.45,-0.53,-2.60,7,1,0.873,0.930702991,-8.45
[4] Michigan State vs. [13] Delaware,2014,64,9,18.00,6.90,11.10,-6.16,2.41,15,1,0.83,0.911785445,-11.10
[4] UCLA vs. [13] Tulsa,2014,64,9,12.92,12.17,0.75,1.54,-2.67,17,1,0.734,0.870759407,-0.75
[4] San Diego State vs. [13] New Mexico State,2014,64,9,9.19,-3.69,12.88,-2.56,2.00,4,1,0.726,0.745488809,-12.88
[5] VCU vs. [12] Stephen F. Austin,2014,64,7,9.43,-2.76,12.19,7.60,9.27,-2,0,0.73,0.764132213,-12.19
[5] Oklahoma vs. [12] North Dakota State,2014,64,7,5.82,1.88,3.94,6.95,0.13,-5,0,0.633,0.637908924,-3.94
[5] Saint Louis vs. [12] N.C. State,2014,64,7,5.25,-7.61,12.85,0.85,0.07,3,1,0.58,0.580465059,-12.85
[5] Cincinnati vs. [12] Harvard,2014,64,7,1.76,-2.83,4.59,-2.85,0.26,-4,0,0.57,0.580155795,-4.59
[6] Ohio State vs. [11] Dayton,2014,64,5,8.69,-4.34,13.03,0.16,-0.37,-1,0,0.667,0.753055787,-13.03
[6] Baylor vs. [11] Nebraska,2014,64,5,4.75,9.86,-5.12,-3.55,3.18,14,1,0.589,0.703236757,5.12
[6] UNC vs. [11] Providence,2014,64,5,3.65,-2.49,6.14,6.13,1.32,2,1,0.64,0.679637368,-6.14
[6] UMass vs. [11] Tennessee,2014,64,5,-7.56,-5.34,-2.21,8.28,1.97,-19,0,0.27,0.294573469,2.21
[7] UConn vs. [10] St. Joseph's,2014,64,3,6.09,0.09,5.99,-1.03,2.40,8,1,0.64,0.673010096,-5.99
[7] New Mexico vs. [10] Stanford,2014,64,3,1.55,0.35,1.20,-0.53,0.37,-5,0,0.569,0.637537836,-1.20
[7] Oregon vs. [10] BYU,2014,64,3,4.03,3.55,0.48,-3.36,-5.55,19,1,0.6,0.647316513,-0.48
[7] Texas vs. [10] Arizona State,2014,64,3,-0.41,0.09,-0.49,-0.40,1.39,2,1,0.523,0.501186612,0.49
[8] Kentucky vs. [9] Kansas State,2014,64,1,6.76,7.90,-1.14,0.96,7.92,7,1,0.649,0.739316299,1.14
[8] Memphis vs. [9] George Washington,2014,64,1,0.70,1.04,-0.34,2.05,1.57,5,1,0.5,0.550041201,0.34
[8] Gonzaga vs. [9] Oklahoma State,2014,64,1,-0.89,-2.18,1.28,-2.44,3.01,8,1,0.506,0.479870069,-1.28
[8] Colorado vs. [9] Pitt,2014,64,1,-9.05,-8.51,-0.54,2.37,3.78,-29,0,0.285,0.275715272,0.54
[2] Kansas vs. [10] Stanford,2014,32,8,9.19,7.20,1.90,1.60,4.99,-3,0,0.69,0.787276641,-1.90
[4] UCLA vs. [12] Stephen F. Austin,2014,32,8,10.44,5.80,4.90,7.10,6.42,17,1,0.69,0.878249364,-4.90
[3] Syracuse vs. [11] Dayton,2014,32,8,8.91,1.70,7.30,-4.20,1.23,-2,0,0.71,0.773387868,-7.30
[4] San Diego State vs. [12] North Dakota State,2014,32,8,6.28,-7.30,13.50,0.10,1.02,19,1,0.65,0.645844327,-13.50
[1] Florida vs. [9] Pitt,2014,32,8,5.28,-0.70,6.00,-0.90,4.87,16,1,0.68,0.762029803,-6.00
[4] Michigan State vs. [12] Harvard,2014,32,8,6.30,6.30,0.00,0.50,3.28,7,1,0.64,0.772323759,0.00
[1] Virginia vs. [8] Memphis,2014,32,7,11.01,2.20,8.50,-7.80,1.10,18,1,0.78,0.709949607,-8.50
[1] Arizona vs. [8] Gonzaga,2014,32,7,8.44,0.90,7.30,-1.90,1.32,23,1,0.7,0.726592871,-7.30
[1] Wichita State vs. [8] Kentucky,2014,32,7,3.89,0.60,3.10,-0.80,-2.88,-2,0,0.66,0.578640202,-3.10
[2] Michigan vs. [7] Texas,2014,32,5,7.64,10.60,-2.90,-5.80,1.22,14,1,0.66,0.786885988,2.90
[2] Villanova vs. [7] UConn,2014,32,5,5.68,4.60,1.10,2.50,0.54,-12,0,0.61,0.648972417,-1.10
[2] Wisconsin vs. [7] Oregon,2014,32,5,5.60,2.60,3.00,-5.00,3.26,8,1,0.62,0.771997411,-3.00
[11] Tennessee vs. [14] Mercer,2014,32,3,14.20,6.40,7.90,-2.10,0.76,20,1,0.82,0.810641139,-7.90
[3] Creighton vs. [6] Baylor,2014,32,3,5.74,6.50,-0.80,2.30,-0.80,-30,0,0.61,0.544049097,0.80
[3] Iowa State vs. [6] UNC,2014,32,3,2.73,5.60,-2.90,1.00,-0.57,2,1,0.53,0.557239285,2.90
[4] Louisville vs. [5] Saint Louis,2014,32,1,14.49,13.00,1.50,1.70,-1.29,15,1,0.8,0.822264882,-1.50
[2] Michigan vs. [11] Tennessee,2014,16,9,-0.38,5.40,-5.70,-0.50,-1.53,2,1,0.456,0.525402336,5.70
[4] Louisville vs. [8] Kentucky,2014,16,4,8.60,1.50,7.10,3.10,-9.10,-5,0,0.698,0.677027554,-7.10
[2] Wisconsin vs. [6] Baylor,2014,16,4,4.79,1.90,2.80,1.30,1.88,17,1,0.583,0.590818306,-2.80
[3] Iowa State vs. [7] UConn,2014,16,4,1.42,5.70,-4.50,6.70,-0.10,-5,0,0.501,0.484051531,4.50
[1] Arizona vs. [4] San Diego State,2014,16,3,9.92,6.30,3.60,0.80,1.64,6,1,0.726,0.7262689,-3.60
[1] Florida vs. [4] UCLA,2014,16,3,5.82,-2.10,8.00,-6.90,5.18,11,1,0.708,0.716372085,-8.00
[1] Virginia vs. [4] Michigan State,2014,16,3,2.71,-4.20,6.90,-5.00,0.86,-2,0,0.63,0.492752765,-6.90
[10] Stanford vs. [11] Dayton,2014,16,1,3.06,-0.80,3.80,1.30,3.07,-10,0,0.561,0.499243902,-3.80
[1] Florida vs. [11] Dayton,2014,8,10,15.04,3.00,11.90,-2.50,3.90,10,1,0.84,0.830611413,-11.90
[2] Michigan vs. [8] Kentucky,2014,8,6,1.06,5.60,-4.50,-3.00,-5.17,-3,0,0.5,0.451469424,4.50
[4] Michigan State vs. [7] UConn,2014,8,3,4.07,5.90,-1.80,1.10,-0.72,-6,0,0.58,0.61865727,1.80
[1] Arizona vs. [2] Wisconsin,2014,8,1,4.53,-5.00,9.50,0.40,-0.53,-1,0,0.64,0.631873515,-9.50
[1] Florida vs. [7] UConn,2014,4,6,8.67,3.70,4.90,-1.90,3.98,-10,0,0.74,0.699289327,-4.90
[2] Wisconsin vs. [8] Kentucky,2014,4,6,3.20,3.20,0.00,-1.60,-1.57,-1,0,0.55,0.586000458,0.00
[7] UConn vs. [8] Kentucky,2014,2,1,-1.18,-5.20,3.90,-0.80,-3.74,6,1,0.49,0.501261116,-3.90
[1] Louisville vs. [16] North Carolina A&T,2013,64,15,36.47,21.73,14.74,0.48,8.36,31,1,0.98,0.995,-14.74
[1] Indiana vs. [16] James Madison,2013,64,15,31.60,22.93,8.67,3.20,3.55,21,1,0.97,0.983,-8.67
[1] Gonzaga vs. [16] Southern,2013,64,15,29.24,21.83,7.41,-0.31,7.30,6,1,0.961,0.982,-7.41
[1] Kansas vs. [16] Western Kentucky,2013,64,15,26.39,11.46,14.93,1.70,3.54,7,1,0.951,0.982,-14.93
[2] Duke vs. [15] Albany,2013,64,13,25.57,17.30,8.27,4.93,16.29,12,1,0.935,0.946,-8.27
[2] Georgetown vs. [15] Florida Gulf Coast,2013,64,13,18.81,4.44,14.37,-6.71,-5.62,-10,0,0.896,0.897,-14.37
[2] Ohio State vs [15] Iona,2013,64,13,17.32,-0.16,17.47,-6.42,-3.86,25,1,0.898,0.938,-17.47
[2] Miami vs. [15] Pacific,2013,64,13,16.75,6.17,10.57,-0.30,-3.65,29,1,0.875,0.899,-10.57
[3] Florida vs. [14] Northwestern State,2013,64,11,28.80,11.28,17.52,-10.72,1.00,32,1,0.964,0.948,-17.52
[3] New Mexico vs [14] Harvard,2013,64,11,13.80,2.40,11.40,0.64,1.89,-6,0,0.833,0.874,-11.40
[3] Michigan State vs [14] Valparaiso,2013,64,11,11.32,1.60,9.72,-1.16,5.81,11,1,0.8,0.83,-9.72
[3] Marquette vs. [14] Davidson,2013,64,11,7.48,1.55,5.93,-0.47,5.73,1,1,0.658,0.655,-5.93
[4] Michigan vs. [13] South Dakota State,2013,64,9,17.82,8.28,9.54,0.88,-1.37,15,1,0.866,0.902,-9.54
[4] Syracuse vs. [13] Montana,2013,64,9,19.85,8.98,10.88,0.83,-6.68,47,1,0.907,0.874,-10.88
[4] Saint Louis vs. [13] New Mexico State,2013,64,9,11.42,3.39,8.04,-0.12,-3.67,20,1,0.78,0.762,-8.04
[4] Kansas State vs. [13] La Salle,2013,64,9,4.96,2.75,2.21,-3.38,0.20,-2,0,0.58,0.782,-2.21
[5] Wisconsin vs. [12] Ole Miss,2013,64,7,6.49,-3.51,10.00,-8.78,6.35,-11,0,0.707,0.756,-10.00
[5] Oklahoma State vs. [12] Oregon,2013,64,7,4.56,4.14,0.42,-1.74,4.76,-13,0,0.616,0.605,-0.42
[5] VCU vs. [12] Akron,2013,64,7,5.59,5.95,-0.36,1.14,-0.14,46,1,0.661,0.711,0.36
[5] UNLV vs. [12] Cal,2013,64,7,4.50,-0.58,5.07,3.18,-2.36,-3,0,0.616,0.672,-5.07
[6] Arizona vs. [11] Belmont,2013,64,5,4.78,2.67,2.12,-0.36,-1.59,17,1,0.628,0.717,-2.12
[6] Butler vs. [11] Bucknell,2013,64,5,1.37,2.19,-0.82,1.57,3.74,12,1,0.543,0.627,0.82
[6] Memphis vs. [11] St. Mary's,2013,64,5,-2.23,-8.07,5.84,5.06,1.66,2,1,0.4,0.588,-5.84
[6] UCLA vs. [11] Minnesota,2013,64,5,-3.98,-2.33,-1.66,6.30,-0.73,-20,0,0.393,0.381,1.66
[7] Creighton vs. [10] Cincinnati,2013,64,3,6.64,13.60,-6.96,0.83,5.70,4,1,0.638,0.585,6.96
[7] San Diego State vs. [10] Oklahoma,2013,64,3,4.26,-3.70,7.96,0.19,-0.03,15,1,0.607,0.561,-7.96
[7] Notre Dame vs. [10] Iowa State,2013,64,3,1.14,-1.35,2.49,-7.97,-1.22,-18,0,0.525,0.6,-2.49
[7] Illinois vs. [10] Colorado,2013,64,3,0.34,3.23,-2.88,1.23,-3.09,8,1,0.526,0.504,2.88
[8] N.C. State vs. [9] Temple,2013,64,1,5.44,5.31,0.14,1.05,0.12,-4,0,0.649,0.701,-0.14
[8] Pitt vs. [9] Wichita State,2013,64,1,7.71,6.34,1.38,-4.27,-7.35,-18,0,0.725,0.621,-1.38
[8] UNC vs. [9] Villanova,2013,64,1,3.55,6.42,-2.87,3.11,-0.35,7,1,0.578,0.67,2.87
[8] Colorado State vs. [9] Missouri,2013,64,1,0.96,3.13,-2.17,-2.51,-0.18,12,1,0.47,0.366,2.17
[3] Florida vs. [11] Minnesota,2013,32,8,12.16,3.80,8.20,-0.80,4.88,14,1,0.817,0.813,-8.20
[1] Indiana vs. [9] Temple,2013,32,8,17.74,11.60,16.20,0.50,-3.52,6,1,0.884,0.919,-16.20
[7] San Diego State vs. [15] Florida Gulf Coast,2013,32,8,13.81,3.50,10.10,-2.50,-1.08,-10,0,0.794,0.707,-10.10
[6] Arizona vs. [14] Harvard,2013,32,8,13.30,6.00,7.20,2.30,-0.54,23,1,0.809,0.853,-7.20
[1] Gonzaga vs. [9] Wichita State,2013,32,8,9.50,10.00,-0.50,-0.30,4.08,-6,0,0.735,0.747,0.50
[4] Syracuse vs. [12] Cal,2013,32,8,10.24,7.20,3.10,-1.40,-4.72,6,1,0.784,0.75,-3.10
[2] Ohio State vs. [10] Iowa State,2013,32,8,8.76,-2.00,11.10,-5.00,-0.43,3,1,0.75,0.816,-11.10
[4] Saint Louis vs. [12] Oregon,2013,32,8,5.76,3.60,2.20,-4.10,4.35,-17,0,0.664,0.626,-2.20
[1] Louisville vs. [8] Colorado State,2013,32,7,10.60,-4.00,14.60,2.20,3.10,26,1,0.821,0.901,-14.60
[1] Kansas vs. [8] UNC,2013,32,7,7.18,-0.10,7.40,-3.20,5.62,12,1,0.671,0.778,-7.40
[2] Miami vs. [7] Illinois,2013,32,5,7.35,3.10,4.00,-2.80,3.39,4,1,0.687,0.726,-4.00
[2] Duke vs. [7] Creighton,2013,32,5,4.56,0.30,4.00,2.90,5.85,16,1,0.637,0.711,-4.00
[3] Michigan State vs. [6] Memphis,2013,32,3,6.82,4.90,2.00,-5.10,-0.53,22,1,0.708,0.692,-2.00
[3] Marquette vs. [6] Butler,2013,32,3,2.32,2.90,-0.60,-0.10,-3.28,2,1,0.58,0.534,0.60
[4] Michigan vs. [5] VCU,2013,32,1,3.95,6.00,-2.00,-2.80,-1.84,25,1,0.535,0.586,2.00
[12] Ole Miss vs. [13] La Salle,2013,32,1,2.78,0.40,2.80,4.70,-5.15,-2,0,0.588,0.627,-2.80
[3] Florida vs. [15] Florida Gulf Coast,2013,16,12,26.76,13.80,12.90,-6.50,4.36,12,1,0.949,0.942,-12.90
[1] Louisville vs. [12] Oregon,2013,16,11,15.23,9.10,6.40,-2.00,8.18,8,1,0.851,0.947,-6.40
[2] Ohio State vs. [6] Arizona,2013,16,4,4.02,0.30,3.80,-2.20,-4.70,3,1,0.653,0.558,-3.80
[9] Wichita State vs. [13] La Salle,2013,16,4,4.81,-1.10,6.00,-1.00,2.80,14,1,0.624,0.714,-6.00
[1] Indiana vs. [4] Syracuse,2013,16,3,7.20,8.00,-0.80,2.50,-0.40,-11,0,0.668,0.571,0.80
[1] Kansas vs. [4] Michigan,2013,16,3,-1.79,-8.90,7.20,2.80,6.52,-2,0,0.488,0.548,-7.20
[2] Miami vs. [3] Marquette,2013,16,1,5.15,0.40,4.70,-1.60,3.84,-10,0,0.645,0.598,-4.70
[2] Duke vs. [3] Michigan State,2013,16,1,2.88,6.40,-3.60,3.50,7.09,10,1,0.537,0.543,3.60
[2] Ohio State vs. [9] Wichita State,2013,8,7,5.88,4.30,1.60,-0.30,-3.58,-4,0,0.68,0.659,-1.60
[3] Florida vs. [4] Michigan,2013,8,1,5.92,-3.10,9.00,-2.30,5.40,-20,0,0.71,0.637,-9.00
[1] Louisville vs. [2] Duke,2013,8,1,3.92,-3.70,7.70,-0.70,-5.43,22,1,0.66,0.67,-7.70
[3] Marquette vs. [4] Syracuse,2013,8,1,-5.03,0.40,-5.40,0.00,1.80,-16,0,0.33,0.25,5.40
[1] Louisville vs. [9] Wichita State,2013,4,8,12.94,5.30,7.60,2.00,1.64,4,1,0.83,0.846,-7.60
[4] Michigan vs. [4] Syracuse,2013,4,0,2.78,8.00,-5.20,0.90,0.39,5,1,0.51,0.519,5.20
[1] Louisville vs. [4] Michigan,2013,2,3,4.72,-4.40,9.20,1.80,4.06,6,1,0.68,0.629,-9.20
[1] Kentucky vs. [16] Western Kentucky,2012,64,15,34.56,22.38,12.18,-2.82,-1.58,15,1,0.98,0.991,-12.18
[1] Michigan State vs. [16] LIU Brooklyn,2012,64,15,28.28,6.99,21.29,-8.89,6.87,22,1,0.963,0.949,-21.29
[1] UNC vs. [16] Vermont,2012,64,15,22.05,12.66,9.39,8.70,5.95,19,1,0.92,0.936,-9.39
[1] Syracuse vs. [16] UNC-Asheville,2012,64,15,20.54,6.42,14.12,-3.59,-4.04,7,1,0.905,0.893,-14.12
[2] Missouri vs. [15] Norfolk State,2012,64,13,29.13,24.96,4.17,-1.30,-3.06,-2,0,0.962,0.972,-4.17
[2] Ohio State vs. [15] Loyola (MD),2012,64,13,26.22,13.96,12.26,3.12,-2.93,19,1,0.951,0.964,-12.26
[2] Kansas vs. [15] Detroit,2012,64,13,21.42,7.66,13.76,-0.44,5.93,15,1,0.918,0.946,-13.76
[2] Duke vs. [15] Lehigh,2012,64,13,11.96,9.30,2.66,-1.41,17.71,-5,0,0.778,0.896,-2.66
[3] Baylor vs. [14] South Dakota State,2012,64,11,9.71,1.90,7.81,0.48,-0.49,8,1,0.735,0.792,-7.81
[3] Florida State vs. [14] St. Bonaventure,2012,64,11,6.40,-2.37,8.77,3.64,4.82,3,1,0.662,0.882,-8.77
[3] Marquette vs. [14] BYU,2012,64,11,6.40,5.53,0.87,-2.47,-0.14,20,1,0.68,0.751,-0.87
[3] Georgetown vs. [14] Belmont,2012,64,11,2.67,-7.10,9.76,-5.11,-0.34,15,1,0.594,0.553,-9.76
[4] Wisconsin vs. [13] Montana,2012,64,9,15.43,8.42,7.01,-6.51,0.09,24,1,0.871,0.854,-7.01
[4] Indiana vs. [13] New Mexico State,2012,64,9,10.89,10.41,0.48,-3.06,0.03,13,1,0.778,0.713,-0.48
[4] Michigan vs. [13] Ohio,2012,64,9,7.32,8.24,-0.92,-6.02,3.55,-5,0,0.702,0.715,0.92
[4] Louisville vs. [13] Davidson,2012,64,9,8.12,-6.56,14.68,-0.71,-4.63,7,1,0.714,0.767,-14.68
[5] Wichita State vs. [12] VCU,2012,64,7,10.60,9.80,0.81,0.79,3.15,-3,0,0.772,0.742,-0.81
[5] Vanderbilt vs. [12] Harvard,2012,64,7,5.57,6.38,-0.81,4.25,7.08,9,1,0.672,0.752,0.81
[5] Temple vs. [12] South Florida,2012,64,7,4.06,11.29,-7.24,7.35,3.02,-14,0,0.57,0.614,7.24
[5] New Mexico vs. [12] Long Beach State,2012,64,7,4.32,-1.18,5.49,-0.49,-14.93,7,1,0.672,0.679,-5.49
[6] UNLV vs. [11] Colorado,2012,64,5,7.72,5.36,2.36,3.58,-0.60,-4,0,0.66,0.684,-2.36
[6] Murray State vs. [11] Colorado State,2012,64,5,5.56,-3.06,8.63,1.20,1.52,17,1,0.608,0.673,-8.63
[6] San Diego State vs. [11] N.C. State,2012,64,5,-0.65,-4.59,3.95,-1.28,-6.10,-6,0,0.462,0.402,-3.95
[6] Cincinnati vs. [11] Texas,2012,64,5,-1.37,-4.00,2.63,-2.23,-7.60,6,1,0.477,0.604,-2.63
[7] Florida vs. [10] Virginia,2012,64,3,2.93,14.09,-11.16,5.11,5.58,26,1,0.553,0.641,11.16
[7] Gonzaga vs. [10] West Virginia,2012,64,3,2.49,0.01,2.48,1.12,-0.36,23,1,0.56,0.418,-2.48
[7] St. Mary's vs. [10] Purdue,2012,64,3,-0.47,-1.72,1.25,-1.33,-0.53,-3,0,0.394,0.39,-1.25
[7] Notre Dame vs. [10] Xavier,2012,64,3,2.61,2.66,-0.06,-6.38,-7.11,-4,0,0.558,0.479,0.06
[8] Memphis vs. [9] Saint Louis,2012,64,1,1.98,3.07,-1.09,5.56,9.83,-7,0,0.588,0.659,1.09
[8] Kansas State vs. [9] Southern Miss,2012,64,1,7.03,-1.27,8.30,2.73,-2.46,6,1,0.719,0.658,-8.30
[8] Iowa State vs. [9] UConn,2012,64,1,1.44,1.72,-0.28,2.86,-3.94,13,1,0.55,0.422,0.28
[8] Creighton vs. [9] Alabama,2012,64,1,0.42,13.61,-13.19,3.98,-5.35,1,1,0.463,0.474,13.19
[7] Florida vs. [15] Norfolk State,2012,32,8,22.53,19.10,3.50,-2.20,1.53,34,1,0.928,0.921,-3.50
[3] Baylor vs. [11] Colorado,2012,32,8,12.30,10.90,1.40,0.30,-1.80,17,1,0.768,0.771,-1.40
[2] Kansas vs. [10] Purdue,2012,32,8,10.54,-0.80,11.30,2.00,7.26,3,1,0.736,0.786,-11.30
[4] Indiana vs. [12] VCU,2012,32,8,9.59,12.70,-3.10,1.50,-3.50,2,1,0.732,0.709,3.10
[1] Michigan State vs. [9] Saint Louis,2012,32,8,8.10,4.00,4.00,2.50,3.04,4,1,0.711,0.717,-4.00
[3] Georgetown vs. [11] N.C. State,2012,32,8,7.60,-1.20,8.90,-5.00,-1.73,-3,0,0.717,0.636,-8.90
[1] Kentucky vs. [8] Iowa State,2012,32,7,14.54,7.20,7.30,-1.10,3.64,16,1,0.815,0.895,-7.30
[1] UNC vs. [8] Creighton,2012,32,7,9.45,-2.30,11.80,4.90,4.01,14,1,0.766,0.855,-11.80
[1] Syracuse vs. [8] Kansas State,2012,32,7,7.35,6.40,-1.00,-2.10,2.81,16,1,0.678,0.716,1.00
[2] Ohio State vs. [7] Gonzaga,2012,32,5,11.82,5.20,6.60,1.70,-3.42,7,1,0.812,0.848,-6.60
[10] Xavier vs. [15] Lehigh,2012,32,5,1.77,-0.80,2.60,-1.30,13.98,12,1,0.559,0.647,-2.60
[3] Marquette vs. [6] Murray State,2012,32,3,4.56,3.30,1.20,5.10,-2.45,9,1,0.678,0.68,-1.20
[3] Florida State vs. [6] Cincinnati,2012,32,3,2.10,-1.40,3.40,3.90,9.86,-6,0,0.539,0.491,-3.40
[4] Wisconsin vs. [5] Vanderbilt,2012,32,1,3.52,-2.50,6.10,-7.10,-6.06,3,1,0.645,0.599,-6.10
[12] South Florida vs. [13] Ohio,2012,32,1,1.99,-2.70,4.90,-7.60,4.61,-6,0,0.571,0.567,-4.90
[4] Louisville vs. [5] New Mexico,2012,32,1,-0.68,-5.20,4.50,0.80,7.18,3,1,0.458,0.463,-4.50
[1] UNC vs. [13] Ohio,2012,16,12,14.53,10.00,4.50,4.80,6.63,8,1,0.849,0.862,-4.50
[2] Kansas vs. [11] N.C. State,2012,16,9,12.50,2.60,9.80,-0.70,2.90,3,1,0.804,0.819,-9.80
[3] Baylor vs. [10] Xavier,2012,16,7,8.84,7.30,1.50,-1.00,-6.40,5,1,0.726,0.669,-1.50
[2] Ohio State vs. [6] Cincinnati,2012,16,4,14.03,8.80,5.20,3.80,6.46,15,1,0.829,0.793,-5.20
[3] Marquette vs. [7] Florida,2012,16,4,-1.57,-8.40,6.90,5.70,-0.54,-10,0,0.471,0.475,-6.90
[1] Michigan State vs. [4] Louisville,2012,16,3,9.98,10.10,0.00,-1.90,-1.94,-13,0,0.764,0.607,0.00
[1] Kentucky vs. [4] Indiana,2012,16,3,8.61,2.00,6.90,-1.70,4.07,12,1,0.717,0.795,-6.90
[1] Syracuse vs. [4] Wisconsin,2012,16,3,1.63,3.80,-2.10,6.70,2.42,1,1,0.475,0.537,2.10
[4] Louisville vs. [7] Florida,2012,8,3,-2.31,-14.20,11.90,1.80,2.55,4,1,0.452,0.448,-11.90
[1] Kentucky vs. [3] Baylor,2012,8,2,10.78,6.50,4.30,-0.30,2.81,12,1,0.766,0.769,-4.30
[1] UNC vs. [2] Kansas,2012,8,1,-0.07,2.10,-2.10,4.50,-3.12,-13,0,0.47,0.525,2.10
[1] Syracuse vs. [2] Ohio State,2012,8,1,-3.97,-0.80,-3.30,-2.50,1.42,-7,0,0.356,0.358,3.30
[1] Kentucky vs. [4] Louisville,2012,4,3,11.66,16.20,-4.60,-0.80,-1.61,8,1,0.75,0.744,4.60
[2] Kansas vs. [2] Ohio State,2012,4,0,-3.42,-3.90,0.50,-0.60,6.75,2,1,0.6,0.603,-0.50
[1] Kentucky vs. [2] Kansas,2012,2,1,5.18,7.90,-2.70,-0.90,-4.91,8,1,0.6,0.641,2.70
[1] Ohio State vs. [16] UTSA,2011,64,15,37.43,22.17,15.26,-2.63,5.04,29,1,0.99,0.997,-15.26
[1] Duke vs. [16] Hampton,2011,64,15,33.34,24.70,8.64,2.56,10.93,42,1,0.99,0.995,-8.64
[1] Kansas vs. [16] Boston University,2011,64,15,29.09,16.60,12.49,5.92,1.74,21,1,0.97,0.99,-12.49
[1] Pitt vs. [16] UNC-Asheville,2011,64,15,25.03,18.20,6.84,-5.53,-3.12,23,1,0.95,0.967,-6.84
[2] UNC vs. [15] LIU Brooklyn,2011,64,13,16.16,1.74,14.42,-2.61,14.20,15,1,0.93,0.933,-14.42
[2] San Diego State vs. [15] Northern Colorado,2011,64,13,21.03,7.82,13.20,-4.24,4.22,18,1,0.94,0.935,-13.20
[2] Notre Dame vs. [15] Akron,2011,64,13,20.90,17.99,2.91,-2.84,0.39,13,1,0.94,0.906,-2.91
[2] Florida vs. [15] UC-Santa Barbara,2011,64,13,15.42,11.05,4.37,-1.85,-0.96,28,1,0.92,0.95,-4.37
[3] Purdue vs. [14] St. Peter's,2011,64,11,22.37,20.01,2.36,1.79,1.03,22,1,0.95,0.922,-2.36
[3] Syracuse vs. [14] Indiana State,2011,64,11,18.01,12.76,5.25,-0.38,0.82,17,1,0.9,0.896,-5.25
[3] UConn vs. [14] Bucknell,2011,64,11,14.12,9.45,4.68,0.40,3.39,29,1,0.85,0.814,-4.68
[3] BYU vs. [14] Wofford,2011,64,11,15.90,5.82,10.08,6.87,-1.72,8,1,0.86,0.856,-10.08
[4] Kentucky vs. [13] Princeton,2011,64,9,16.45,11.54,4.91,2.58,7.82,2,1,0.9,0.882,-4.91
[4] Louisville vs. [13] Morehead State,2011,64,9,16.08,6.04,10.04,3.15,-1.85,-1,0,0.88,0.805,-10.04
[4] Texas vs. [13] Oakland,2011,64,9,13.79,-2.40,16.19,-5.75,-7.56,4,1,0.87,0.845,-16.19
[4] Wisconsin vs. [13] Belmont,2011,64,9,6.63,9.71,-3.08,-11.87,2.49,14,1,0.61,0.658,3.08
[5] Arizona vs. [12] Memphis,2011,64,7,11.92,12.26,-0.34,-2.32,2.88,2,1,0.77,0.668,0.34
[5] West Virginia vs. [12] Clemson,2011,64,7,2.73,5.46,-2.73,-1.28,8.35,8,1,0.49,0.55,2.73
[5] Vanderbilt vs. [12] Richmond,2011,64,7,1.86,4.20,-2.34,3.72,3.49,-3,0,0.56,0.586,2.34
[5] Kansas State vs. [12] Utah State,2011,64,7,-2.76,-0.89,-1.87,3.94,4.25,5,1,0.39,0.571,1.87
[6] Georgetown vs. [11] VCU,2011,64,5,10.25,4.72,5.52,-2.20,4.04,-18,0,0.74,0.706,-5.52
[6] Xavier vs. [11] Marquette,2011,64,5,-1.59,-2.82,1.22,-1.89,9.58,-11,0,0.47,0.518,-1.22
[6] Cincinnati vs. [11] Missouri,2011,64,5,3.04,-3.11,6.15,-7.94,-4.28,15,1,0.58,0.509,-6.15
[6] St. John's vs. [11] Gonzaga,2011,64,5,0.32,-0.11,0.43,-0.30,-3.12,-15,0,0.48,0.336,-0.43
[7] Washington vs. [10] Georgia,2011,64,3,10.25,9.33,0.92,6.59,2.44,3,1,0.72,0.562,-0.92
[7] Temple vs. [10] Penn State,2011,64,3,2.57,-2.12,4.69,4.90,2.72,2,1,0.51,0.553,-4.69
[7] Texas A&M vs. [10] Florida State,2011,64,3,0.41,6.79,-6.37,-6.10,-2.24,-7,0,0.47,0.469,6.37
[7] UCLA vs. [10] Michigan State,2011,64,3,-1.05,-0.94,-0.11,0.54,-4.12,2,1,0.43,0.333,0.11
[8] Butler vs. [9] Old Dominion,2011,64,1,0.74,3.15,-2.40,2.95,1.90,2,1,0.49,0.562,2.40
[8] George Mason vs. [9] Villanova,2011,64,1,0.01,-1.48,1.49,-0.55,-0.13,4,1,0.5,0.393,-1.49
[8] Michigan vs. [9] Tennessee,2011,64,1,2.05,2.81,-0.76,-4.42,-6.29,30,1,0.57,0.431,0.76
[8] UNLV vs. [9] Illinois,2011,64,1,-0.81,-1.98,1.18,1.64,-2.15,-11,0,0.47,0.414,-1.18
[3] Purdue vs. [11] VCU,2011,32,8,15.63,5.20,10.60,0.50,0.63,-18,0,0.91,0.835,-10.60
[2] Notre Dame vs. [10] Florida State,2011,32,8,8.83,17.30,-8.60,-3.70,2.20,-14,0,0.78,0.704,8.60
[1] Kansas vs. [9] Illinois,2011,32,8,7.67,5.80,1.70,3.70,-2.76,14,1,0.69,0.765,-1.70
[3] BYU vs. [11] Gonzaga,2011,32,8,5.70,5.30,0.40,3.90,-2.44,22,1,0.61,0.559,-0.40
[3] Syracuse vs. [11] Marquette,2011,32,8,4.24,-0.80,5.10,-1.60,5.04,-4,0,0.68,0.717,-5.10
[1] Ohio State vs. [8] George Mason,2011,32,7,14.44,11.00,3.60,-0.60,-0.26,32,1,0.9,0.896,-3.60
[1] Duke vs. [8] Michigan,2011,32,7,12.78,7.40,5.10,7.00,2.82,2,1,0.87,0.925,-5.10
[1] Pitt vs. [8] Butler,2011,32,7,12.68,7.40,5.30,-1.60,-5.55,-1,0,0.18,0.786,-5.30
[2] San Diego State vs. [7] Temple,2011,32,5,8.35,3.50,4.90,-2.10,-1.95,7,1,0.75,0.813,-4.90
[2] Florida vs. [7] UCLA,2011,32,5,6.73,7.10,-0.40,-3.10,-0.66,8,1,0.78,0.822,0.40
[2] UNC vs. [7] Washington,2011,32,5,0.46,-5.70,6.10,0.70,3.89,3,1,0.64,0.699,-6.10
[3] UConn vs. [6] Cincinnati,2011,32,3,2.36,5.10,-2.70,2.20,9.21,11,1,0.57,0.638,2.70
[12] Richmond vs. [13] Morehead State,2011,32,1,8.12,6.50,1.60,-1.20,0.38,17,1,0.72,0.682,-1.60
[4] Wisconsin vs. [5] Kansas State,2011,32,1,9.27,12.60,-3.30,-9.90,-3.41,5,1,0.74,0.563,3.30
[4] Texas vs. [5] Arizona,2011,32,1,7.38,-0.60,8.90,0.00,1.44,-1,0,0.76,0.682,-8.90
[4] Kentucky vs. [5] West Virginia,2011,32,1,4.12,3.30,0.90,2.70,-1.92,8,1,0.63,0.606,-0.90
[1] Kansas vs. [12] Richmond,2011,16,11,12.29,6.90,5.40,6.30,0.88,20,1,0.82,0.852,-5.40
[2] UNC vs. [11] Marquette,2011,16,9,3.04,-4.30,7.10,4.40,10.05,18,1,0.63,0.704,-7.10
[4] Wisconsin vs. [8] Butler,2011,16,4,11.37,9.90,1.40,-6.90,-7.04,-7,0,0.75,0.657,-1.40
[1] Duke vs. [5] Arizona,2011,16,4,11.19,3.40,7.70,3.10,3.52,-16,0,0.84,0.8,-7.70
[1] Ohio State vs. [4] Kentucky,2011,16,3,8.95,6.90,1.70,-1.20,-5.79,-2,0,0.75,0.788,-1.70
[10] Florida State vs. [11] VCU,2011,16,1,4.49,-7.60,12.00,1.30,-4.07,-1,0,0.64,0.619,-12.00
[2] San Diego State vs. [3] UConn,2011,16,1,2.83,-2.40,5.30,-2.60,1.09,-7,0,0.67,0.696,-5.30
[2] Florida vs. [3] BYU,2011,16,1,-3.43,-2.40,-1.00,-7.70,0.13,9,1,0.44,0.596,1.00
[1] Kansas vs. [11] VCU,2011,8,10,16.98,7.90,9.10,2.90,0.26,-10,0,0.88,0.873,-9.10
[2] Florida vs. [8] Butler,2011,8,6,4.64,2.50,2.20,-1.20,-3.02,-3,0,0.69,0.68,-2.20
[3] UConn vs. [5] Arizona,2011,8,2,3.44,-0.50,3.90,-0.60,1.01,2,1,0.61,0.486,-3.90
[2] UNC vs. [4] Kentucky,2011,8,2,-3.39,-6.60,3.30,5.60,0.93,-7,0,0.43,0.525,-3.30
[8] Butler vs. [11] VCU,2011,4,3,2.80,1.10,1.70,-1.90,4.72,8,1,0.55,0.534,-1.70
[3] UConn vs. [4] Kentucky,2011,4,1,-2.60,-1.60,-1.00,-0.30,-3.31,1,1,0.42,0.462,1.00
[3] UConn vs. [8] Butler,2011,2,5,6.52,3.00,3.60,1.00,-3.69,12,1,0.7,0.628,-3.60
[1] Kansas vs. [16] Lehigh,2010,64,15,33.97,,,,13.03,16,1,0,0,
[1] Duke vs. [16] Arkansas-Pine Bluff,2010,64,15,39.46,,,,-6.43,29,1,0,0,
[1] Syracuse vs. [16] Vermont,2010,64,15,24.46,,,,6.90,23,1,0,0,
[1] Kentucky vs. [16] East Tennessee State,2010,64,15,22.50,,,,-4.63,29,1,0,0,
[2] Kansas State vs. [15] North Texas,2010,64,13,25.30,,,,8.96,20,1,0,0,
[2] West Virginia vs. [15] Morgan State,2010,64,13,23.83,,,,8.34,27,1,0,0,
[2] Villanova vs. [15] Robert Morris,2010,64,13,24.81,,,,-1.59,3,1,0,0,
[2] Ohio State vs. [15] UC-Santa Barbara,2010,64,13,23.09,,,,-1.65,17,1,0,0,
[3] Georgetown vs. [14] Ohio,2010,64,11,16.93,,,,5.61,-14,0,0,0,
[3] Baylor vs. [14] Sam Houston State,2010,64,11,16.33,,,,-3.11,9,1,0,0,
[3] Pitt vs. [14] Oakland,2010,64,11,15.06,,,,-6.11,23,1,0,0,
[3] New Mexico vs. [14] Montana,2010,64,11,8.88,,,,4.58,5,1,0,0,
[4] Wisconsin vs. [13] Wofford,2010,64,9,16.14,,,,2.47,4,1,0,0,
[4] Maryland vs. [13] Houston,2010,64,9,13.40,,,,-3.58,12,1,0,0,
[4] Vanderbilt vs. [13] Murray State,2010,64,9,2.94,,,,10.76,-1,0,0,0,
[4] Purdue vs. [13] Siena,2010,64,9,8.68,,,,-2.28,8,1,0,0,
[5] Michigan State vs. [12] New Mexico State,2010,64,7,14.18,,,,0.74,3,1,0,0,
[5] Temple vs. [12] Cornell,2010,64,7,7.47,,,,4.44,-13,0,0,0,
[5] Butler vs. [12] UTEP,2010,64,7,2.45,,,,12.22,18,1,0,0,
[5] Texas A&M vs. [12] Utah State,2010,64,7,-1.14,,,,1.25,16,1,0,0,
[6] Xavier vs. [11] Minnesota,2010,64,5,1.08,,,,8.10,11,1,0,0,
[6] Tennessee vs. [11] San Diego State,2010,64,5,0.08,,,,0.73,3,1,0,0,
[6] Marquette vs. [11] Washington,2010,64,5,2.58,,,,-7.28,-2,0,0,0,
[6] Notre Dame vs. [11] Old Dominion,2010,64,5,0.73,,,,-10.30,-1,0,0,0,
[7] BYU vs. [10] Florida,2010,64,3,9.49,,,,0.24,7,1,0,0,
[7] Clemson vs. [10] Missouri,2010,64,3,-0.05,,,,1.60,-8,0,0,0,
[7] Oklahoma State vs. [10] Georgia Tech,2010,64,3,-1.50,,,,-0.71,-5,0,0,0,
[7] Richmond vs. [10] St. Mary's,2010,64,3,-4.18,,,,-0.09,-9,0,0,0,
[8] Cal vs. [9] Louisville,2010,64,1,4.40,,,,7.59,15,1,0,0,
[8] Texas vs. [9] Wake Forest,2010,64,1,5.74,,,,0.30,-1,0,0,0,
[8] Gonzaga vs. [9] Florida State,2010,64,1,-1.81,,,,6.58,7,1,0,0,
[8] UNLV vs. [9] Northern Iowa,2010,64,1,-1.02,,,,2.01,-3,0,0,0,
[1] Kansas vs. [9] Northern Iowa,2010,32,8,14.26,,,,4.14,-2,0,0,0,
[4] Wisconsin vs. [12] Cornell,2010,32,8,10.42,,,,2.63,-18,0,0,0,
[6] Tennessee vs. [14] Ohio,2010,32,8,8.96,,,,1.65,15,1,0,0,
[1] Kentucky vs. [9] Wake Forest,2010,32,8,10.04,,,,1.54,30,1,0,0,
[2] Ohio State vs. [10] Georgia Tech,2010,32,8,7.05,,,,2.22,9,1,0,0,
[2] West Virginia vs. [10] Missouri,2010,32,8,5.29,,,,9.15,9,1,0,0,
[3] Baylor vs. [11] Old Dominion,2010,32,8,5.99,,,,-7.40,8,1,0,0,
[5] Butler vs. [13] Murray State,2010,32,8,6.18,,,,16.92,2,1,0,0,
[2] Villanova vs. [10] St. Mary's,2010,32,8,2.08,,,,-1.50,-7,0,0,0,
[3] New Mexico vs. [11] Washington,2010,32,8,-0.58,,,,-1.43,-18,0,0,0,
[1] Syracuse vs. [8] Gonzaga,2010,32,7,10.30,,,,-4.64,22,1,0,0,
[1] Duke vs. [8] Cal,2010,32,7,8.93,,,,-4.73,15,1,0,0,
[2] Kansas State vs. [7] BYU,2010,32,5,1.22,,,,4.09,12,1,0,0,
[3] Pitt vs. [6] Xavier,2010,32,3,-1.60,,,,-6.78,-3,0,0,0,
[4] Purdue vs. [5] Texas A&M,2010,32,1,1.07,,,,-1.24,2,1,0,0,
[4] Maryland vs. [5] Michigan State,2010,32,1,2.94,,,,-3.16,-2,0,0,0,
[1] Kentucky vs. [12] Cornell,2010,16,11,9.65,,,,0.54,17,1,0,0,
[2] West Virginia vs. [11] Washington,2010,16,9,7.30,,,,1.43,13,1,0,0,
[3] Baylor vs. [10] St. Mary's,2010,16,7,3.82,,,,-3.26,23,1,0,0,
[2] Ohio State vs. [6] Tennessee,2010,16,4,7.32,,,,-0.60,-3,0,0,0,
[1] Syracuse vs. [5] Butler,2010,16,4,7.21,,,,-9.17,-4,0,0,0,
[2] Kansas State vs. [6] Xavier,2010,16,4,5.08,,,,-3.63,5,1,0,0,
[5] Michigan State vs. [9] Northern Iowa,2010,16,4,0.59,,,,1.63,7,1,0,0,
[1] Duke vs. [4] Purdue,2010,16,3,9.58,,,,4.04,13,1,0,0,
[2] Kansas State vs. [5] Butler,2010,8,3,4.60,,,,-5.88,-7,0,0,0,
[1] Duke vs. [3] Baylor,2010,8,2,7.17,,,,6.19,7,1,0,0,
[5] Michigan State vs. [6] Tennessee,2010,8,1,1.54,,,,-0.33,1,1,0,0,
[1] Kentucky vs. [2] West Virginia,2010,8,1,0.82,,,,-4.44,-7,0,0,0,
[1] Duke vs. [2] West Virginia,2010,4,1,5.86,,,,-1.07,21,1,0,0,
[5] Michigan State vs. [5] Butler,2010,4,0,-1.96,,,,-9.14,-2,0,0,0,
[1] Duke vs. [5] Butler,2010,2,4,11.44,,,,-5.14,2,1,0,0,
[1] Pitt vs. [16] East Tennessee State,2009,64,15,24.38,,,,7.10,10,1,0,0,
[1] UConn vs. [16] Chattanooga,2009,64,15,31.89,,,,-9.14,56,1,0,0,
[1] UNC vs. [16] Radford,2009,64,15,29.02,,,,-3.37,43,1,0,0,
[1] Louisville vs. [16] Morehead State,2009,64,15,25.38,,,,3.89,20,1,0,0,
[2] Duke vs. [15] Binghamton,2009,64,13,26.20,,,,10.85,24,1,0,0,
[2] Memphis vs. [15] Cal State Northridge,2009,64,13,24.33,,,,4.61,11,1,0,0,
[2] Michigan State vs. [15] Robert Morris,2009,64,13,21.27,,,,7.92,15,1,0,0,
[2] Oklahoma vs. [15] Morgan State,2009,64,13,21.87,,,,0.98,28,1,0,0,
[3] Missouri vs. [14] Cornell,2009,64,11,17.99,,,,0.76,19,1,0,0,
[3] Villanova vs. [14] American,2009,64,11,17.21,,,,0.30,13,1,0,0,
[3] Syracuse vs. [14] Stephen F. Austin,2009,64,11,14.96,,,,3.48,15,1,0,0,
[3] Kansas vs. [14] North Dakota State,2009,64,11,10.71,,,,4.98,10,1,0,0,
[4] Gonzaga vs. [13] Akron,2009,64,9,18.97,,,,12.78,13,1,0,0,
[4] Xavier vs. [13] Portland State,2009,64,9,14.24,,,,9.65,18,1,0,0,
[4] Washington vs. [13] Mississippi State,2009,64,9,10.12,,,,3.81,13,1,0,0,
[4] Wake Forest vs. [13] Cleveland State,2009,64,9,8.59,,,,-8.98,-15,0,0,0,
[5] Purdue vs. [12] Northern Iowa,2009,64,7,12.11,,,,-3.98,5,1,0,0,
[5] Illinois vs. [12] Western Kentucky,2009,64,7,12.07,,,,-3.92,-4,0,0,0,
[5] Utah vs. [12] Arizona,2009,64,7,3.02,,,,2.30,-13,0,0,0,
[5] Florida State vs. [12] Wisconsin,2009,64,7,-2.01,,,,-2.55,-2,0,0,0,
[6] West Virginia vs. [11] Dayton,2009,64,5,15.61,,,,4.41,-8,0,0,0,
[6] UCLA vs. [11] VCU,2009,64,5,12.35,,,,-2.70,1,1,0,0,
[6] Arizona State vs. [11] Temple,2009,64,5,9.12,,,,-3.76,9,1,0,0,
[6] Marquette vs. [11] Utah State,2009,64,5,5.69,,,,0.43,1,1,0,0,
[7] Cal vs. [10] Maryland,2009,64,3,4.93,,,,1.18,-13,0,0,0,
[7] Texas vs. [10] Minnesota,2009,64,3,2.75,,,,3.54,14,1,0,0,
[7] Clemson vs. [10] Michigan,2009,64,3,5.80,,,,-4.49,-3,0,0,0,
[7] Boston College vs. [10] USC,2009,64,3,-5.54,,,,-6.42,-17,0,0,0,
[8] BYU vs. [9] Texas A&M,2009,64,1,7.28,,,,2.63,-13,0,0,0,
[8] Ohio State vs. [9] Siena,2009,64,1,4.79,,,,-6.50,-2,0,0,0,
[8] Oklahoma State vs. [9] Tennessee,2009,64,1,1.18,,,,-7.90,2,1,0,0,
[8] LSU vs. [9] Butler,2009,64,1,-1.44,,,,-9.40,4,1,0,0,
[4] Gonzaga vs. [12] Western Kentucky,2009,32,8,18.53,,,,6.04,2,1,0,0,
[2] Memphis vs. [10] Maryland,2009,32,8,15.06,,,,5.57,19,1,0,0,
[1] UConn vs. [9] Texas A&M,2009,32,8,12.71,,,,2.25,26,1,0,0,
[3] Kansas vs. [11] Dayton,2009,32,8,12.91,,,,6.72,17,1,0,0,
[1] Louisville vs. [9] Siena,2009,32,8,13.61,,,,7.87,7,1,0,0,
[2] Oklahoma vs. [10] Michigan,2009,32,8,9.40,,,,-0.55,10,1,0,0,
[2] Michigan State vs. [10] USC,2009,32,8,4.12,,,,2.54,5,1,0,0,
[4] Xavier vs. [12] Wisconsin,2009,32,8,1.99,,,,4.88,11,1,0,0,
[1] UNC vs. [8] LSU,2009,32,7,13.60,,,,6.41,14,1,0,0,
[1] Pitt vs. [8] Oklahoma State,2009,32,7,10.76,,,,2.36,8,1,0,0,
[2] Duke vs. [7] Texas,2009,32,5,6.10,,,,1.65,5,1,0,0,
[3] Missouri vs. [6] Marquette,2009,32,3,3.33,,,,0.77,4,1,0,0,
[3] Syracuse vs. [6] Arizona State,2009,32,3,-2.15,,,,3.80,11,1,0,0,
[3] Villanova vs. [6] UCLA,2009,32,3,-3.48,,,,-2.79,20,1,0,0,
[12] Arizona vs. [13] Cleveland State,2009,32,1,4.18,,,,-0.79,14,1,0,0,
[4] Washington vs. [5] Purdue,2009,32,1,0.86,,,,5.17,-2,0,0,0,
[1] Louisville vs. [12] Arizona,2009,16,11,8.25,,,,-0.93,39,1,0,0,
[1] UConn vs. [5] Purdue,2009,16,4,7.66,,,,2.61,12,1,0,0,
[1] Pitt vs. [4] Xavier,2009,16,3,9.11,,,,-4.39,5,1,0,0,
[1] UNC vs. [4] Gonzaga,2009,16,3,3.09,,,,-7.35,21,1,0,0,
[2] Memphis vs. [3] Missouri,2009,16,1,5.35,,,,7.32,-11,0,0,0,
[2] Duke vs. [3] Villanova,2009,16,1,2.40,,,,7.52,-23,0,0,0,
[2] Oklahoma vs. [3] Syracuse,2009,16,1,1.64,,,,-2.40,13,1,0,0,
[2] Michigan State vs. [3] Kansas,2009,16,1,-1.20,,,,1.75,5,1,0,0,
[1] Pitt vs. [3] Villanova,2009,8,2,5.31,,,,6.76,-2,0,0,0,
[1] UConn vs. [3] Missouri,2009,8,2,4.97,,,,1.55,7,1,0,0,
[1] UNC vs. [2] Oklahoma,2009,8,1,4.42,,,,0.24,12,1,0,0,
[1] Louisville vs. [2] Michigan State,2009,8,1,4.01,,,,-2.87,-12,0,0,0,
[1] UNC vs. [3] Villanova,2009,4,2,5.72,,,,4.90,14,1,0,0,
[1] UConn vs. [2] Michigan State,2009,4,1,5.78,,,,-6.10,-9,0,0,0,
[1] UNC vs. [2] Michigan State,2009,2,1,5.68,,,,-4.26,17,1,0,0,
[1] UCLA vs. [16] Mississippi Valley State,2008,64,15,45.54,,,,-7.59,41,1,0,0,
[1] Memphis vs. [16] Texas-Arlington,2008,64,15,31.38,,,,13.04,24,1,0,0,
[1] UNC vs. [16] Mount St. Mary's,2008,64,15,29.19,,,,2.90,39,1,0,0,
[1] Kansas vs. [16] Portland State,2008,64,15,28.13,,,,0.42,24,1,0,0,
[2] Duke vs. [15] Belmont,2008,64,13,25.05,,,,6.39,1,1,0,0,
[2] Tennessee vs. [15] American,2008,64,13,20.65,,,,12.74,15,1,0,0,
[2] Texas vs. [15] Austin Peay,2008,64,13,25.02,,,,-0.68,20,1,0,0,
[2] Georgetown vs. [15] UMBC,2008,64,13,20.88,,,,-0.42,19,1,0,0,
[3] Louisville vs. [14] Boise State,2008,64,11,19.08,,,,7.46,18,1,0,0,
[3] Wisconsin vs. [14] Cal State Fullerton,2008,64,11,18.54,,,,6.69,15,1,0,0,
[3] Stanford vs. [14] Cornell,2008,64,11,18.89,,,,-0.29,24,1,0,0,
[3] Xavier vs. [14] Georgia,2008,64,11,14.45,,,,7.31,12,1,0,0,
[4] UConn vs. [13] San Diego,2008,64,9,14.59,,,,-0.64,-1,0,0,0,
[4] Washington State vs. [13] Winthrop,2008,64,9,16.60,,,,-12.17,31,1,0,0,
[4] Vanderbilt vs. [13] Siena,2008,64,9,6.76,,,,-2.20,-21,0,0,0,
[4] Pitt vs. [13] Oral Roberts,2008,64,9,8.38,,,,-6.45,19,1,0,0,
[5] Clemson vs. [12] Villanova,2008,64,7,9.38,,,,2.69,-6,0,0,0,
[5] Michigan State vs. [12] Temple,2008,64,7,8.44,,,,-0.64,11,1,0,0,
[5] Drake vs. [12] Western Kentucky,2008,64,7,8.27,,,,-0.78,-2,0,0,0,
[5] Notre Dame vs. [12] George Mason,2008,64,7,8.92,,,,-6.37,18,1,0,0,
[6] Marquette vs. [11] Kentucky,2008,64,5,12.14,,,,-2.57,8,1,0,0,
[6] Purdue vs. [11] Baylor,2008,64,5,2.72,,,,2.64,11,1,0,0,
[6] USC vs. [11] Kansas State,2008,64,5,1.07,,,,2.30,-13,0,0,0,
[6] Oklahoma vs. [11] St. Joseph's,2008,64,5,0.51,,,,1.98,8,1,0,0,
[7] Butler vs. [10] South Alabama,2008,64,3,6.67,,,,3.42,20,1,0,0,
[7] Gonzaga vs. [10] Davidson,2008,64,3,-1.22,,,,12.21,-6,0,0,0,
[7] Miami vs. [10] St. Mary's,2008,64,3,-1.31,,,,-6.82,14,1,0,0,
[7] West Virginia vs. [10] Arizona,2008,64,3,-0.09,,,,-11.00,10,1,0,0,
[8] Indiana vs. [9] Arkansas,2008,64,1,4.64,,,,-0.60,-14,0,0,0,
[8] UNLV vs. [9] Kent State,2008,64,1,-0.21,,,,0.49,13,1,0,0,
[8] Mississippi State vs. [9] Oregon,2008,64,1,-0.84,,,,-1.15,7,1,0,0,
[8] BYU vs. [9] Texas A&M,2008,64,1,-3.54,,,,-2.25,-5,0,0,0,
[1] UNC vs. [9] Arkansas,2008,32,8,12.48,,,,0.58,31,1,0,0,
[1] UCLA vs. [9] Texas A&M,2008,32,8,10.93,,,,2.10,2,1,0,0,
[3] Wisconsin vs. [11] Kansas State,2008,32,8,7.46,,,,3.70,17,1,0,0,
[2] Georgetown vs. [10] Davidson,2008,32,8,4.96,,,,-12.16,-4,0,0,0,
[1] Kansas vs. [8] UNLV,2008,32,7,20.24,,,,0.18,19,1,0,0,
[1] Memphis vs. [8] Mississippi State,2008,32,7,13.36,,,,7.45,3,1,0,0,
[2] Texas vs. [7] Miami,2008,32,5,10.18,,,,5.99,3,1,0,0,
[2] Duke vs. [7] West Virginia,2008,32,5,5.65,,,,6.65,-6,0,0,0,
[2] Tennessee vs. [7] Butler,2008,32,5,2.48,,,,2.93,5,1,0,0,
[3] Louisville vs. [6] Oklahoma,2008,32,3,8.12,,,,1.09,30,1,0,0,
[3] Xavier vs. [6] Purdue,2008,32,3,4.05,,,,5.83,7,1,0,0,
[3] Stanford vs. [6] Marquette,2008,32,3,2.16,,,,-2.08,1,1,0,0,
[12] Western Kentucky vs. [13] San Diego,2008,32,1,9.52,,,,-0.93,9,1,0,0,
[12] Villanova vs. [13] Siena,2008,32,1,5.61,,,,-3.85,12,1,0,0,
[4] Washington State vs. [5] Notre Dame,2008,32,1,4.77,,,,-1.79,20,1,0,0,
[4] Pitt vs. [5] Michigan State,2008,32,1,-0.55,,,,-2.50,-11,0,0,0,
[1] Kansas vs. [12] Villanova,2008,16,11,20.28,,,,2.27,15,1,0,0,
[1] UCLA vs. [12] Western Kentucky,2008,16,11,15.79,,,,0.38,10,1,0,0,
[3] Wisconsin vs. [10] Davidson,2008,16,7,6.81,,,,-8.57,-17,0,0,0,
[1] Memphis vs. [5] Michigan State,2008,16,4,7.41,,,,4.19,18,1,0,0,
[3] Xavier vs. [7] West Virginia,2008,16,4,1.28,,,,6.43,4,1,0,0,
[1] UNC vs. [4] Washington State,2008,16,3,3.80,,,,7.51,21,1,0,0,
[2] Texas vs. [3] Stanford,2008,16,1,0.60,,,,6.92,20,1,0,0,
[2] Tennessee vs. [3] Louisville,2008,16,1,-1.92,,,,5.26,-19,0,0,0,
[1] Kansas vs. [10] Davidson,2008,8,9,11.40,,,,-10.23,2,1,0,0,
[1] UCLA vs. [3] Xavier,2008,8,2,6.94,,,,-3.81,19,1,0,0,
[1] UNC vs. [3] Louisville,2008,8,2,4.71,,,,-0.61,10,1,0,0,
[1] Memphis vs. [2] Texas,2008,8,1,4.33,,,,8.09,19,1,0,0,
[1] Memphis vs. [1] UCLA,2008,4,0,0.12,,,,5.99,15,1,0,0,
[1] UNC vs. [1] Kansas,2008,4,0,-3.28,,,,0.92,-18,0,0,0,
[1] Memphis vs. [1] Kansas,2008,2,0,-3.15,,,,5.85,-7,0,0,0,
[1] UNC vs. [16] Eastern Kentucky,2007,64,15,34.54,,,,2.94,21,1,0.9926,0,
[1] Florida vs. [16] Jackson State,2007,64,15,38.18,,,,-5.91,43,1,0.9972,0,
[1] Ohio State vs. [16] Central Connecticut State,2007,64,15,30.89,,,,7.69,21,1,0.9862,0,
[1] Kansas vs. [16] Niagara,2007,64,15,30.95,,,,6.59,40,1,0.9919,0,
[2] UCLA vs. [15] Weber State,2007,64,13,27.55,,,,8.88,28,1,0.9808,0,
[2] Memphis vs. [15] North Texas,2007,64,13,26.12,,,,10.05,15,1,0.9803,0,
[2] Georgetown vs. [15] Belmont,2007,64,13,23.42,,,,1.12,25,1,0.9659,0,
[2] Wisconsin vs. [15] Texas A&M-Corpus Christi,2007,64,13,18.32,,,,0.61,13,1,0.9591,0,
[3] Pitt vs. [14] Wright State,2007,64,11,15.82,,,,6.46,21,1,0.8971,0,
[3] Texas A&M vs. [14] Penn,2007,64,11,19.15,,,,-3.52,16,1,0.9507,0,
[3] Washington State vs. [14] Oral Roberts,2007,64,11,8.86,,,,4.04,16,1,0.8151,0,
[3] Oregon vs. [14] Miami (Ohio),2007,64,11,11.62,,,,-10.25,2,1,0.8602,0,
[4] Southern Illinois vs. [13] Holy Cross,2007,64,9,12.63,,,,6.15,10,1,0.8289,0,
[4] Texas vs. [13] New Mexico State,2007,64,9,13.00,,,,2.44,12,1,0.8843,0,
[4] Virginia vs. [13] Albany,2007,64,9,10.82,,,,0.37,27,1,0.8961,0,
[4] Maryland vs. [13] Davidson,2007,64,9,8.71,,,,-3.39,12,1,0.8642,0,
[5] Tennessee vs. [12] Long Beach State,2007,64,7,10.07,,,,8.51,35,1,0.874,0,
[5] Butler vs. [12] Old Dominion,2007,64,7,7.70,,,,5.87,11,1,0.7239,0,
[5] Virginia Tech vs. [12] Illinois,2007,64,7,0.31,,,,-1.45,2,1,0.493,0,
[5] USC vs. [12] Arkansas,2007,64,7,-2.49,,,,-6.26,17,1,0.4482,0,
[6] Duke vs. [11] VCU,2007,64,5,9.27,,,,6.64,-2,0,0.8621,0,
[6] Vanderbilt vs. [11] George Washington,2007,64,5,5.01,,,,4.02,33,1,0.7157,0,
[6] Louisville vs. [11] Stanford,2007,64,5,7.11,,,,-1.74,20,1,0.7181,0,
[6] Notre Dame vs. [11] Winthrop,2007,64,5,6.03,,,,-18.43,-10,0,0.803,0,
[7] Boston College vs. [10] Texas Tech,2007,64,3,4.27,,,,-1.95,9,1,0.649,0,
[7] Indiana vs. [10] Gonzaga,2007,64,3,5.28,,,,-6.31,13,1,0.7117,0,
[7] UNLV vs. [10] Georgia Tech,2007,64,3,-4.10,,,,2.63,4,1,0.3005,0,
[7] Nevada vs. [10] Creighton,2007,64,3,-2.89,,,,-1.61,6,1,0.3271,0,
[8] Arizona vs. [9] Purdue,2007,64,1,1.61,,,,8.41,-9,0,0.4948,0,
[8] Kentucky vs. [9] Villanova,2007,64,1,0.24,,,,7.57,9,1,0.5009,0,
[8] Marquette vs. [9] Michigan State,2007,64,1,-2.92,,,,-3.26,-12,0,0.3929,0,
[8] BYU vs. [9] Xavier,2007,64,1,-2.55,,,,-4.72,-2,0,0.385,0,
[1] Florida vs. [9] Purdue,2007,32,8,11.26,,,,-7.01,7,1,0,0,
[1] UNC vs. [9] Michigan State,2007,32,8,10.38,,,,2.27,14,1,0,0,
[1] Ohio State vs. [9] Xavier,2007,32,8,11.17,,,,-3.26,7,1,0,0,
[3] Pitt vs. [11] VCU,2007,32,8,8.75,,,,2.51,5,1,0,0,
[3] Oregon vs. [11] Winthrop,2007,32,8,3.87,,,,-15.06,14,1,0,0,
[1] Kansas vs. [8] Kentucky,2007,32,7,6.52,,,,-8.94,12,1,0,0,
[2] Georgetown vs. [7] Boston College,2007,32,5,12.05,,,,0.18,7,1,0,0,
[2] Wisconsin vs. [7] UNLV,2007,32,5,10.23,,,,-1.50,-6,0,0,0,
[2] Memphis vs. [7] Nevada,2007,32,5,8.28,,,,3.00,16,1,0,0,
[2] UCLA vs. [7] Indiana,2007,32,5,4.00,,,,5.42,5,1,0,0,
[3] Texas A&M vs. [6] Louisville,2007,32,3,7.29,,,,-2.81,3,1,0,0,
[3] Washington State vs. [6] Vanderbilt,2007,32,3,3.19,,,,-3.41,-4,0,0,0,
[4] Texas vs. [5] USC,2007,32,1,5.21,,,,2.21,-19,0,0,0,
[4] Southern Illinois vs. [5] Virginia Tech,2007,32,1,1.91,,,,4.38,15,1,0,0,
[4] Maryland vs. [5] Butler,2007,32,1,1.49,,,,-7.84,-3,0,0,0,
[4] Virginia vs. [5] Tennessee,2007,32,1,-2.15,,,,-5.38,-3,0,0,0,
[1] UNC vs. [5] USC,2007,16,4,15.54,,,,7.49,10,1,0.8426,0,
[2] Georgetown vs. [6] Vanderbilt,2007,16,4,12.97,,,,-0.16,1,1,0.7959,0,
[1] Ohio State vs. [5] Tennessee,2007,16,4,11.18,,,,-1.82,1,1,0.7789,0,
[1] Florida vs. [5] Butler,2007,16,4,7.77,,,,-11.74,8,1,0.7883,0,
[3] Oregon vs. [7] UNLV,2007,16,4,3.68,,,,-8.43,4,1,0.6141,0,
[1] Kansas vs. [4] Southern Illinois,2007,16,3,7.76,,,,-3.57,3,1,0.842,0,
[2] UCLA vs. [3] Pitt,2007,16,1,3.01,,,,5.81,9,1,0.6268,0,
[2] Memphis vs. [3] Texas A&M,2007,16,1,-1.79,,,,6.98,1,1,0.4089,0,
[1] Florida vs. [3] Oregon,2007,8,2,9.00,,,,1.58,8,1,0.756,0,
[1] Ohio State vs. [2] Memphis,2007,8,1,2.98,,,,-2.47,16,1,0.582,0,
[1] UNC vs. [2] Georgetown,2007,8,1,4.05,,,,3.60,-12,0,0.636,0,
[1] Kansas vs. [2] UCLA,2007,8,1,1.84,,,,-6.99,-13,0,0.632,0,
[1] Florida vs. [2] UCLA,2007,4,1,2.25,,,,-12.40,10,1,0.54,0,
[1] Ohio State vs. [2] Georgetown,2007,4,1,0.38,,,,1.24,7,1,0.501,0,
[1] Florida vs. [1] Ohio State,2007,2,0,0.59,,,,-6.19,9,1,0,0,
[1] Duke vs. [16] Southern,2006,64,15,32.21,,,,-0.61,16,1,0.9745,0,
[1] Villanova vs. [16] Monmouth,2006,64,15,27.72,,,,2.24,13,1,0.9612,0,
[1] UConn vs. [16] Albany,2006,64,15,23.53,,,,-0.49,13,1,0.9479,0,
[1] Memphis vs. [16] Oral Roberts,2006,64,15,16.25,,,,3.85,16,1,0.864,0,
[2] UCLA vs. [15] Belmont,2006,64,13,21.91,,,,2.01,34,1,0.9539,0,
[2] Texas vs. [15] Penn,2006,64,13,19.12,,,,-1.85,8,1,0.9283,0,
[2] Ohio State vs. [15] Davidson,2006,64,13,17.91,,,,-7.65,8,1,0.9075,0,
[2] Tennessee vs. [15] Winthrop,2006,64,13,9.48,,,,-3.60,2,1,0.7753,0,
[3] UNC vs. [14] Murray State,2006,64,11,14.98,,,,-2.14,4,1,0.8981,0,
[3] Florida vs. [14] South Alabama,2006,64,11,13.94,,,,-0.59,26,1,0.8338,0,
[3] Iowa vs. [14] Northwestern State,2006,64,11,12.10,,,,-3.95,-1,0,0.8708,0,
[3] Gonzaga vs. [14] Xavier,2006,64,11,1.71,,,,10.77,4,1,0.5626,0,
[4] LSU vs. [13] Iona,2006,64,9,8.77,,,,2.60,16,1,0.7723,0,
[4] Illinois vs. [13] Air Force,2006,64,9,8.48,,,,2.92,9,1,0.6971,0,
[4] Kansas vs. [13] Bradley,2006,64,9,7.77,,,,4.25,-4,0,0.7893,0,
[4] Boston College vs. [13] Pacific,2006,64,9,6.85,,,,-4.36,12,1,0.6504,0,
[5] Syracuse vs. [12] Texas A&M,2006,64,7,-2.49,,,,-6.75,-8,0,0.3716,0,
[5] Pitt vs. [12] Kent State,2006,64,7,10.63,,,,-2.03,15,1,0.8135,0,
[5] Nevada vs. [12] Montana,2006,64,7,7.47,,,,4.65,-8,0,0.754,0,
[5] Washington vs. [12] Utah State,2006,64,7,7.00,,,,-1.80,14,1,0.7534,0,
[6] Indiana vs. [11] San Diego State,2006,64,5,3.59,,,,1.38,4,1,0.4419,0,
[6] West Virginia vs. [11] Southern Illinois,2006,64,5,3.24,,,,0.98,18,1,0.5941,0,
[6] Oklahoma vs. [11] Wisconsin-Milwaukee,2006,64,5,2.67,,,,-1.90,-8,0,0.631,0,
[6] Michigan State vs. [11] George Mason,2006,64,5,0.53,,,,-0.95,-10,0,0.5846,0,
[7] Wichita State vs. [10] Seton Hall,2006,64,3,5.69,,,,1.87,20,1,0.5837,0,
[7] Marquette vs. [10] Alabama,2006,64,3,4.52,,,,-4.72,-5,0,0.6235,0,
[7] Georgetown vs. [10] Northern Iowa,2006,64,3,3.41,,,,-4.15,5,1,0.6318,0,
[7] Cal vs. [10] N.C. State,2006,64,3,-3.31,,,,6.46,-6,0,0.519,0,
[8] Kentucky vs. [9] UAB,2006,64,1,3.41,,,,3.71,5,1,0.6443,0,
[8] Arkansas vs. [9] Bucknell,2006,64,1,5.50,,,,-5.96,-4,0,0.7227,0,
[8] Arizona vs. [9] Wisconsin,2006,64,1,-0.71,,,,6.02,19,1,0.5656,0,
[8] George Washington vs. [9] UNC-Wilmington,2006,64,1,0.14,,,,-11.24,3,1,0.465,0,
[3] Florida vs. [11] Wisconsin-Milwaukee,2006,32,8,12.18,,,,-8.77,22,1,0,0,
[2] UCLA vs. [10] Alabama,2006,32,8,11.65,,,,0.10,3,1,0,0,
[6] West Virginia vs. [14] Northwestern State,2006,32,8,11.37,,,,-4.16,13,1,0,0,
[2] Texas vs. [10] N.C. State,2006,32,8,8.96,,,,6.47,21,1,0,0,
[1] Memphis vs. [9] Bucknell,2006,32,8,9.31,,,,4.13,16,1,0,0,
[4] Boston College vs. [12] Montana,2006,32,8,8.94,,,,-3.19,13,1,0,0,
[3] UNC vs. [11] George Mason,2006,32,8,5.41,,,,0.75,-5,0,0,0,
[5] Pitt vs. [13] Bradley,2006,32,8,5.29,,,,-1.31,-6,0,0,0,
[4] LSU vs. [12] Texas A&M,2006,32,8,5.20,,,,11.57,1,1,0,0,
[1] Duke vs. [8] George Washington,2006,32,7,13.10,,,,19.86,13,1,0,0,
[1] Villanova vs. [8] Arizona,2006,32,7,8.57,,,,-6.05,4,1,0,0,
[1] UConn vs. [8] Kentucky,2006,32,7,9.68,,,,-6.80,4,1,0,0,
[2] Tennessee vs. [7] Wichita State,2006,32,5,2.77,,,,0.65,-7,0,0,0,
[2] Ohio State vs. [7] Georgetown,2006,32,5,2.11,,,,3.10,-18,0,0,0,
[3] Gonzaga vs. [6] Indiana,2006,32,3,-1.59,,,,8.65,10,1,0,0,
[4] Illinois vs. [5] Washington,2006,32,1,4.08,,,,1.38,-3,0,0,0,
[1] Memphis vs. [13] Bradley,2006,16,12,6.04,,,,10.66,16,1,0,0,
[2] Texas vs. [6] West Virginia,2006,16,4,7.03,,,,1.24,3,1,0,0,
[1] UConn vs. [5] Washington,2006,16,4,5.90,,,,1.11,6,1,0,0,
[3] Florida vs. [7] Georgetown,2006,16,4,4.16,,,,-2.45,4,1,0,0,
[7] Wichita State vs. [11] George Mason,2006,16,4,-1.42,,,,0.03,-8,0,0,0,
[1] Duke vs. [4] LSU,2006,16,3,7.32,,,,3.38,-8,0,0,0,
[1] Villanova vs. [4] Boston College,2006,16,3,7.13,,,,7.73,1,1,0,0,
[2] UCLA vs. [3] Gonzaga,2006,16,1,7.71,,,,-4.16,2,1,0,0,
[1] UConn vs. [11] George Mason,2006,8,10,7.53,,,,-3.44,-2,0,0,0,
[2] Texas vs. [4] LSU,2006,8,2,4.80,,,,-1.97,-10,0,0,0,
[1] Villanova vs. [3] Florida,2006,8,2,-0.53,,,,8.65,-7,0,0,0,
[1] Memphis vs. [2] UCLA,2006,8,1,0.88,,,,3.69,-5,0,0,0,
[3] Florida vs. [11] George Mason,2006,4,8,8.31,,,,-6.70,15,1,0,0,
[2] UCLA vs. [4] LSU,2006,4,2,0.67,,,,0.79,14,1,0,0,
[2] UCLA vs. [3] Florida,2006,2,1,-3.35,,,,10.32,-16,0,0,0,
[1] Illinois vs. [16] Fairleigh Dickinson,2005,64,15,36.39,,,,3.78,12,1,0,0,
[1] UNC vs. [16] Oakland,2005,64,15,32.98,,,,-4.49,32,1,0,0,
[1] Washington vs. [16] Montana,2005,64,15,25.69,,,,4.98,11,1,0,0,
[1] Duke vs. [16] Delaware State,2005,64,15,34.03,,,,-0.82,11,1,0,0,
[2] Oklahoma State vs. [15] Southeastern Louisiana,2005,64,13,22.59,,,,12.25,13,1,0,0,
[2] UConn vs. [15] UCF,2005,64,13,26.09,,,,4.71,6,1,0,0,
[2] Wake Forest vs. [15] Chattanooga,2005,64,13,26.36,,,,3.90,16,1,0,0,
[2] Kentucky vs. [15] Eastern Kentucky,2005,64,13,22.59,,,,4.98,8,1,0,0,
[3] Oklahoma vs. [14] Niagara,2005,64,11,18.15,,,,1.75,17,1,0,0,
[3] Gonzaga vs. [14] Winthrop,2005,64,11,13.43,,,,3.89,10,1,0,0,
[3] Kansas vs. [14] Bucknell,2005,64,11,18.09,,,,1.19,-1,0,0,0,
[3] Arizona vs. [14] Utah State,2005,64,11,0.36,,,,7.67,13,1,0,0,
[4] Florida vs. [13] Ohio,2005,64,9,16.85,,,,3.46,5,1,0,0,
[4] Louisville vs. [13] Louisiana-Lafayette,2005,64,9,15.05,,,,-4.90,6,1,0,0,
[4] Boston College vs. [13] Penn,2005,64,9,7.85,,,,-3.07,20,1,0,0,
[4] Syracuse vs. [13] Vermont,2005,64,9,7.74,,,,-3.55,-3,0,0,0,
[5] Michigan State vs. [12] Old Dominion,2005,64,7,15.62,,,,4.18,8,1,0,0,
[5] Villanova vs. [12] New Mexico,2005,64,7,8.16,,,,10.26,8,1,0,0,
[5] Alabama vs. [12] Wisconsin-Milwaukee,2005,64,7,8.51,,,,-2.45,-10,0,0,0,
[5] Georgia Tech vs. [12] George Washington,2005,64,7,5.64,,,,-1.95,12,1,0,0,
[6] Utah vs. [11] UTEP,2005,64,5,8.40,,,,1.11,6,1,0,0,
[6] Wisconsin vs. [11] Northern Iowa,2005,64,5,6.96,,,,1.93,5,1,0,0,
[6] LSU vs. [11] UAB,2005,64,5,2.21,,,,1.09,-14,0,0,0,
[6] Texas Tech vs. [11] UCLA,2005,64,5,4.18,,,,-3.99,12,1,0,0,
[7] Southern Illinois vs. [10] St. Mary's,2005,64,3,6.73,,,,3.87,9,1,0,0,
[7] Cincinnati vs. [10] Iowa,2005,64,3,2.32,,,,-2.02,12,1,0,0,
[7] West Virginia vs. [10] Creighton,2005,64,3,-0.58,,,,-5.03,2,1,0,0,
[7] Charlotte vs. [10] N.C. State,2005,64,3,-6.73,,,,0.55,-12,0,0,0,
[8] Texas vs. [9] Nevada,2005,64,1,6.24,,,,-0.87,-4,0,0,0,
[8] Minnesota vs. [9] Iowa State,2005,64,1,2.05,,,,-0.26,-11,0,0,0,
[8] Stanford vs. [9] Mississippi State,2005,64,1,-2.54,,,,4.52,-23,0,0,0,
[8] Pacific vs. [9] Pitt,2005,64,1,-4.67,,,,7.17,8,1,0,0,
[1] Illinois vs. [9] Nevada,2005,32,8,20.21,,,,0.86,12,1,0,0,
[1] UNC vs. [9] Iowa State,2005,32,8,18.63,,,,5.76,27,1,0,0,
[6] Wisconsin vs. [14] Bucknell,2005,32,8,13.30,,,,2.28,9,1,0,0,
[1] Duke vs. [9] Mississippi State,2005,32,8,13.25,,,,4.67,8,1,0,0,
[5] Michigan State vs. [13] Vermont,2005,32,8,11.18,,,,-2.82,11,1,0,0,
[3] Arizona vs. [11] UAB,2005,32,8,7.86,,,,3.17,22,1,0,0,
[4] Boston College vs. [12] Wisconsin-Milwaukee,2005,32,8,4.41,,,,-4.00,-8,0,0,0,
[2] UConn vs. [10] N.C. State,2005,32,8,2.51,,,,3.37,-3,0,0,0,
[1] Washington vs. [8] Pacific,2005,32,7,6.78,,,,6.30,18,1,0,0,
[2] Wake Forest vs. [7] West Virginia,2005,32,5,11.99,,,,11.21,-6,0,0,0,
[2] Oklahoma State vs. [7] Southern Illinois,2005,32,5,8.40,,,,2.22,8,1,0,0,
[2] Kentucky vs. [7] Cincinnati,2005,32,5,2.53,,,,-3.01,9,1,0,0,
[3] Oklahoma vs. [6] Utah,2005,32,3,3.36,,,,3.90,-9,0,0,0,
[3] Gonzaga vs. [6] Texas Tech,2005,32,3,2.30,,,,4.86,2,1,0,0,
[4] Louisville vs. [5] Georgia Tech,2005,32,1,3.68,,,,3.56,22,1,0,0,
[4] Florida vs. [5] Villanova,2005,32,1,0.53,,,,-3.48,-11,0,0,0,
[1] Illinois vs. [12] Wisconsin-Milwaukee,2005,16,11,17.45,,,,-1.25,14,1,0,0,
[1] UNC vs. [5] Villanova,2005,16,4,7.77,,,,3.21,1,1,0,0,
[2] Kentucky vs. [6] Utah,2005,16,4,2.73,,,,2.52,10,1,0,0,
[1] Duke vs. [5] Michigan State,2005,16,4,3.01,,,,3.73,-10,0,0,0,
[6] Wisconsin vs. [10] N.C. State,2005,16,4,0.59,,,,4.46,9,1,0,0,
[1] Washington vs. [4] Louisville,2005,16,3,-3.25,,,,5.62,-14,0,0,0,
[2] Oklahoma State vs. [3] Arizona,2005,16,1,3.47,,,,0.77,-1,0,0,0,
[6] Texas Tech vs. [7] West Virginia,2005,16,1,1.19,,,,3.98,-5,0,0,0,
[1] UNC vs. [6] Wisconsin,2005,8,5,11.29,,,,2.42,6,1,0,0,
[4] Louisville vs. [7] West Virginia,2005,8,3,11.63,,,,7.07,8,1,0,0,
[2] Kentucky vs. [5] Michigan State,2005,8,3,-1.62,,,,0.94,-6,0,0,0,
[1] Illinois vs. [3] Arizona,2005,8,2,10.77,,,,-2.90,1,1,0,0,
[1] UNC vs. [5] Michigan State,2005,4,4,5.66,,,,5.60,16,1,0,0,
[1] Illinois vs. [4] Louisville,2005,4,3,5.70,,,,0.32,15,1,0,0,
[1] Illinois vs. [1] UNC,2005,2,0,0.60,,,,-3.38,-5,0,0,0,
[1] Duke vs. [16] Alabama State,2004,64,15,42.42,,,,6.26,35,1,0,0,
[1] Kentucky vs. [16] Florida A&M,2004,64,15,35.36,,,,5.86,20,1,0,0,
[1] Stanford vs. [16] UTSA,2004,64,15,30.60,,,,3.90,26,1,0,0,
[1] St. Joseph's vs. [16] Liberty,2004,64,15,30.51,,,,3.01,19,1,0,0,
[2] UConn vs. [15] Vermont,2004,64,13,27.15,,,,6.93,17,1,0,0,
[2] Gonzaga vs. [15] Valparaiso,2004,64,13,25.85,,,,3.96,27,1,0,0,
[2] Mississippi State vs. [15] Monmouth,2004,64,13,26.23,,,,-2.15,33,1,0,0,
[2] Oklahoma State vs. [15] Eastern Washington,2004,64,13,21.36,,,,-6.07,19,1,0,0,
[3] Pitt vs. [14] UCF,2004,64,11,20.30,,,,2.36,9,1,0,0,
[3] Texas vs. [14] Princeton,2004,64,11,14.84,,,,6.00,17,1,0,0,
[3] Georgia Tech vs. [14] Northern Iowa,2004,64,11,16.42,,,,0.81,5,1,0,0,
[3] N.C. State vs. [14] Louisiana-Lafayette,2004,64,11,13.90,,,,-5.57,9,1,0,0,
[4] Cincinnati vs. [13] East Tennessee State,2004,64,9,15.73,,,,4.77,3,1,0,0,
[4] Wake Forest vs. [13] VCU,2004,64,9,13.63,,,,2.56,1,1,0,0,
[4] Kansas vs. [13] Illinois-Chicago,2004,64,9,7.32,,,,10.81,34,1,0,0,
[4] Maryland vs. [13] UTEP,2004,64,9,5.71,,,,6.05,3,1,0,0,
[5] Providence vs. [12] Pacific,2004,64,7,9.92,,,,2.86,-8,0,0,0,
[5] Illinois vs. [12] Murray State,2004,64,7,7.54,,,,3.54,19,1,0,0,
[5] Florida vs. [12] Manhattan,2004,64,7,8.31,,,,-0.46,-15,0,0,0,
[5] Syracuse vs. [12] BYU,2004,64,7,-0.66,,,,-6.08,5,1,0,0,
[6] UNC vs. [11] Air Force,2004,64,5,6.89,,,,15.83,11,1,0,0,
[6] Wisconsin vs. [11] Richmond,2004,64,5,9.60,,,,-0.87,12,1,0,0,
[6] Vanderbilt vs. [11] Western Michigan,2004,64,5,1.50,,,,-1.90,13,1,0,0,
[6] Boston College vs. [11] Utah,2004,64,5,-0.23,,,,-0.01,7,1,0,0,
[7] Memphis vs. [10] South Carolina,2004,64,3,-0.60,,,,9.30,16,1,0,0,
[7] DePaul vs. [10] Dayton,2004,64,3,2.04,,,,1.83,7,1,0,0,
[7] Michigan State vs. [10] Nevada,2004,64,3,-3.89,,,,3.88,-6,0,0,0,
[7] Xavier vs. [10] Louisville,2004,64,3,-3.81,,,,-3.01,10,1,0,0,
[8] Alabama vs. [9] Southern Illinois,2004,64,1,2.11,,,,6.61,1,1,0,0,
[8] Texas Tech vs. [9] Charlotte,2004,64,1,1.44,,,,2.15,3,1,0,0,
[8] Seton Hall vs. [9] Arizona,2004,64,1,1.01,,,,-5.62,4,1,0,0,
[8] Washington vs. [9] UAB,2004,64,1,-3.35,,,,-1.91,-2,0,0,0,
[4] Wake Forest vs. [12] Manhattan,2004,32,8,8.94,,,,-0.42,4,1,0,0,
[1] Kentucky vs. [9] UAB,2004,32,8,9.59,,,,0.85,-1,0,0,0,
[4] Kansas vs. [12] Pacific,2004,32,8,10.01,,,,5.45,15,1,0,0,
[2] Gonzaga vs. [10] Nevada,2004,32,8,7.94,,,,2.45,-19,0,0,0,
[1] Duke vs. [8] Seton Hall,2004,32,7,13.90,,,,2.88,28,1,0,0,
[1] St. Joseph's vs. [8] Texas Tech,2004,32,7,11.21,,,,2.90,5,1,0,0,
[1] Stanford vs. [8] Alabama,2004,32,7,7.01,,,,-9.19,-3,0,0,0,
[2] UConn vs. [7] DePaul,2004,32,5,14.04,,,,-0.37,17,1,0,0,
[2] Oklahoma State vs. [7] Memphis,2004,32,5,8.28,,,,-6.03,17,1,0,0,
[2] Mississippi State vs. [7] Xavier,2004,32,5,4.46,,,,-5.21,-15,0,0,0,
[3] Georgia Tech vs. [6] Boston College,2004,32,3,9.55,,,,1.10,3,1,0,0,
[3] N.C. State vs. [6] Vanderbilt,2004,32,3,5.37,,,,5.19,-2,0,0,0,
[3] Pitt vs. [6] Wisconsin,2004,32,3,0.95,,,,-8.97,4,1,0,0,
[3] Texas vs. [6] UNC,2004,32,3,-2.34,,,,-0.78,3,1,0,0,
[4] Cincinnati vs. [5] Illinois,2004,32,1,3.17,,,,-1.25,-24,0,0,0,
[4] Maryland vs. [5] Syracuse,2004,32,1,3.96,,,,3.28,-2,0,0,0,
[3] Georgia Tech vs. [10] Nevada,2004,16,7,4.15,,,,-3.41,5,1,0,0,
[4] Kansas vs. [9] UAB,2004,16,5,5.69,,,,4.18,26,1,0,0,
[1] Duke vs. [5] Illinois,2004,16,4,10.59,,,,0.35,10,1,0,0,
[2] UConn vs. [6] Vanderbilt,2004,16,4,7.28,,,,4.45,20,1,0,0,
[3] Texas vs. [7] Xavier,2004,16,4,2.58,,,,0.70,-8,0,0,0,
[1] St. Joseph's vs. [4] Wake Forest,2004,16,3,6.01,,,,3.34,4,1,0,0,
[5] Syracuse vs. [8] Alabama,2004,16,3,0.25,,,,-9.45,-9,0,0,0,
[2] Oklahoma State vs. [3] Pitt,2004,16,1,-0.03,,,,1.14,12,1,0,0,
[1] Duke vs. [7] Xavier,2004,8,6,12.92,,,,0.65,3,1,0,0,
[2] UConn vs. [8] Alabama,2004,8,6,10.27,,,,-7.56,16,1,0,0,
[3] Georgia Tech vs. [4] Kansas,2004,8,1,3.28,,,,-6.40,8,1,0,0,
[1] St. Joseph's vs. [2] Oklahoma State,2004,8,1,0.24,,,,9.12,-2,0,0,0,
[1] Duke vs. [2] UConn,2004,4,1,4.82,,,,3.04,-1,0,0,0,
[2] Oklahoma State vs. [3] Georgia Tech,2004,4,1,2.84,,,,-3.95,-2,0,0,0,
[2] UConn vs. [3] Georgia Tech,2004,2,1,3.00,,,,-0.37,9,1,0,0,
[1] Texas vs. [16] UNC-Asheville,2003,64,15,36.75,,,,-2.81,21,1,0,0,
[1] Oklahoma vs. [16] South Carolina State,2003,64,15,32.40,,,,6.50,17,1,0,0,
[1] Kentucky vs. [16] IUPUI,2003,64,15,29.01,,,,5.81,31,1,0,0,
[1] Arizona vs. [16] Vermont,2003,64,15,24.59,,,,14.21,29,1,0,0,
[2] Pitt vs. [15] Wagner,2003,64,13,28.23,,,,-5.46,26,1,0,0,
[2] Florida vs. [15] Sam Houston State,2003,64,13,21.70,,,,3.50,30,1,0,0,
[2] Kansas vs. [15] Utah State,2003,64,13,20.36,,,,6.44,3,1,0,0,
[2] Wake Forest vs. [15] East Tennessee State,2003,64,13,20.09,,,,-2.43,3,1,0,0,
[3] Xavier vs. [14] Troy,2003,64,11,14.54,,,,10.59,12,1,0,0,
[3] Duke vs. [14] Colorado State,2003,64,11,16.53,,,,4.66,10,1,0,0,
[3] Marquette vs. [14] Holy Cross,2003,64,11,11.04,,,,4.35,4,1,0,0,
[3] Syracuse vs. [14] Manhattan,2003,64,11,9.93,,,,1.51,11,1,0,0,
[4] Louisville vs. [13] Austin Peay,2003,64,9,20.49,,,,2.11,22,1,0,0,
[4] Illinois vs. [13] Western Kentucky,2003,64,9,13.38,,,,-2.98,5,1,0,0,
[4] Stanford vs. [13] San Diego,2003,64,9,6.54,,,,3.24,8,1,0,0,
[4] Dayton vs. [13] Tulsa,2003,64,9,4.40,,,,2.03,-13,0,0,0,
[5] Wisconsin vs. [12] Weber State,2003,64,7,13.64,,,,1.77,7,1,0,0,
[5] Notre Dame vs. [12] Wisconsin-Milwaukee,2003,64,7,7.04,,,,7.47,1,1,0,0,
[5] Mississippi State vs. [12] Butler,2003,64,7,7.03,,,,-0.56,-1,0,0,0,
[5] UConn vs. [12] BYU,2003,64,7,0.19,,,,-6.44,5,1,0,0,
[6] Creighton vs. [11] Central Michigan,2003,64,5,7.95,,,,1.16,-6,0,0,0,
[6] Maryland vs. [11] UNC-Wilmington,2003,64,5,7.07,,,,1.80,2,1,0,0,
[6] Missouri vs. [11] Southern Illinois,2003,64,5,5.79,,,,1.24,1,1,0,0,
[6] Oklahoma State vs. [11] Penn,2003,64,5,3.07,,,,-2.50,14,1,0,0,
[7] St. Joseph's vs. [10] Auburn,2003,64,3,8.71,,,,5.73,-2,0,0,0,
[7] Michigan State vs. [10] Colorado,2003,64,3,1.92,,,,5.48,15,1,0,0,
[7] Indiana vs. [10] Alabama,2003,64,3,-0.90,,,,4.01,5,1,0,0,
[7] Memphis vs. [10] Arizona State,2003,64,3,1.09,,,,-1.92,-13,0,0,0,
[8] Cal vs. [9] N.C. State,2003,64,1,0.55,,,,5.52,2,1,0,0,
[8] Cincinnati vs. [9] Gonzaga,2003,64,1,0.38,,,,0.00,-5,0,0,0,
[8] LSU vs. [9] Purdue,2003,64,1,4.08,,,,-11.89,-24,0,0,0,
[8] Oregon vs. [9] Utah,2003,64,1,-0.50,,,,-5.38,-2,0,0,0,
[1] Kentucky vs. [9] Utah,2003,32,8,15.12,,,,3.55,20,1,0,0,
[3] Duke vs. [11] Central Michigan,2003,32,8,11.92,,,,2.68,26,1,0,0,
[1] Arizona vs. [9] Gonzaga,2003,32,8,11.55,,,,3.71,1,1,0,0,
[5] Wisconsin vs. [13] Tulsa,2003,32,8,9.89,,,,-2.91,1,1,0,0,
[2] Kansas vs. [10] Arizona State,2003,32,8,8.68,,,,-0.75,32,1,0,0,
[4] Louisville vs. [12] Butler,2003,32,8,7.71,,,,7.01,-8,0,0,0,
[2] Wake Forest vs. [10] Auburn,2003,32,8,7.38,,,,0.06,-6,0,0,0,
[1] Texas vs. [9] Purdue,2003,32,8,5.16,,,,-3.02,10,1,0,0,
[1] Oklahoma vs. [8] Cal,2003,32,7,9.12,,,,0.27,9,1,0,0,
[2] Pitt vs. [7] Indiana,2003,32,5,12.19,,,,-14.70,22,1,0,0,
[2] Florida vs. [7] Michigan State,2003,32,5,4.94,,,,-5.05,-22,0,0,0,
[3] Marquette vs. [6] Missouri,2003,32,3,3.41,,,,-3.40,9,1,0,0,
[3] Syracuse vs. [6] Oklahoma State,2003,32,3,2.54,,,,-0.73,12,1,0,0,
[3] Xavier vs. [6] Maryland,2003,32,3,-0.71,,,,7.00,-13,0,0,0,
[4] Illinois vs. [5] Notre Dame,2003,32,1,5.75,,,,-7.48,-8,0,0,0,
[4] Stanford vs. [5] UConn,2003,32,1,-3.38,,,,7.57,-11,0,0,0,
[1] Oklahoma vs. [12] Butler,2003,16,11,6.60,,,,2.36,11,1,0,0,
[3] Syracuse vs. [10] Auburn,2003,16,7,8.03,,,,1.22,1,1,0,0,
[1] Kentucky vs. [5] Wisconsin,2003,16,4,8.03,,,,4.90,6,1,0,0,
[1] Arizona vs. [5] Notre Dame,2003,16,4,5.40,,,,3.43,17,1,0,0,
[1] Texas vs. [5] UConn,2003,16,4,4.11,,,,5.34,4,1,0,0,
[2] Pitt vs. [3] Marquette,2003,16,1,7.99,,,,-6.89,-3,0,0,0,
[2] Kansas vs. [3] Duke,2003,16,1,3.59,,,,3.37,4,1,0,0,
[6] Maryland vs. [7] Michigan State,2003,16,1,1.68,,,,-7.70,-2,0,0,0,
[1] Texas vs. [7] Michigan State,2003,8,6,2.91,,,,-1.41,9,1,0,0,
[1] Kentucky vs. [3] Marquette,2003,8,2,9.01,,,,5.07,-14,0,0,0,
[1] Oklahoma vs. [3] Syracuse,2003,8,2,2.81,,,,1.85,-16,0,0,0,
[1] Arizona vs. [2] Kansas,2003,8,1,-0.76,,,,2.69,-3,0,0,0,
[1] Texas vs. [3] Syracuse,2003,4,2,1.79,,,,4.26,-11,0,0,0,
[2] Kansas vs. [3] Marquette,2003,4,1,4.96,,,,5.48,33,1,0,0,
[2] Kansas vs. [3] Syracuse,2003,2,1,6.12,,,,6.63,-3,0,0,0,
[1] Duke vs. [16] Winthrop,2002,64,15,39.07,,,,8.92,47,1,0,0,
[1] Cincinnati vs. [16] Boston University,2002,64,15,33.04,,,,7.76,38,1,0,0,
[1] Kansas vs. [16] Holy Cross,2002,64,15,28.46,,,,12.08,11,1,0,0,
[1] Maryland vs. [16] Siena,2002,64,15,28.59,,,,6.27,15,1,0,0,
[2] Oregon vs. [15] Montana,2002,64,13,28.31,,,,-1.85,19,1,0,0,
[2] Alabama vs. [15] Florida Atlantic,2002,64,13,23.11,,,,7.85,8,1,0,0,
[2] Oklahoma vs. [15] Illinois-Chicago,2002,64,13,21.59,,,,2.69,8,1,0,0,
[2] UConn vs. [15] Hampton,2002,64,13,14.63,,,,5.62,11,1,0,0,
[3] Arizona vs. [14] UC-Santa Barbara,2002,64,11,12.23,,,,15.82,5,1,0,0,
[3] Georgia vs. [14] Murray State,2002,64,11,17.76,,,,0.77,17,1,0,0,
[3] Pitt vs. [14] Central Connecticut State,2002,64,11,18.30,,,,-3.86,17,1,0,0,
[3] Mississippi State vs. [14] McNeese State,2002,64,11,13.23,,,,-7.60,12,1,0,0,
[4] Illinois vs. [13] San Diego State,2002,64,9,11.55,,,,6.81,29,1,0,0,
[4] Ohio State vs. [13] Davidson,2002,64,9,17.48,,,,-4.00,5,1,0,0,
[4] Kentucky vs. [13] Valparaiso,2002,64,9,8.05,,,,8.30,15,1,0,0,
[4] USC vs. [13] UNC Wilmington,2002,64,9,11.11,,,,-1.96,-4,0,0,0,
[5] Florida vs. [12] Creighton,2002,64,7,14.37,,,,-0.21,-1,0,0,0,
[5] Indiana vs. [12] Utah,2002,64,7,7.64,,,,9.94,19,1,0,0,
[5] Marquette vs. [12] Tulsa,2002,64,7,7.04,,,,1.56,-2,0,0,0,
[5] Miami vs. [12] Missouri,2002,64,7,1.05,,,,-3.81,-13,0,0,0,
[6] Gonzaga vs. [11] Wyoming,2002,64,5,8.94,,,,7.71,-7,0,0,0,
[6] Texas vs. [11] Boston College,2002,64,5,6.26,,,,7.62,13,1,0,0,
[6] Texas Tech vs. [11] Southern Illinois,2002,64,5,4.62,,,,0.44,-8,0,0,0,
[6] Cal vs. [11] Penn,2002,64,5,4.43,,,,-3.19,7,1,0,0,
[7] Xavier vs. [10] Hawaii,2002,64,3,5.14,,,,10.25,12,1,0,0,
[7] Wake Forest vs. [10] Pepperdine,2002,64,3,3.96,,,,-2.82,9,1,0,0,
[7] Oklahoma State vs. [10] Kent State,2002,64,3,-3.64,,,,0.77,-8,0,0,0,
[7] N.C. State vs. [10] Michigan State,2002,64,3,1.06,,,,-6.81,11,1,0,0,
[8] Stanford vs. [9] Western Kentucky,2002,64,1,5.74,,,,4.12,16,1,0,0,
[8] Wisconsin vs. [9] St. John's,2002,64,1,4.01,,,,7.12,10,1,0,0,
[8] UCLA vs. [9] Ole Miss,2002,64,1,-3.06,,,,15.12,22,1,0,0,
[8] Notre Dame vs. [9] Charlotte,2002,64,1,0.77,,,,-8.95,19,1,0,0,
[5] Indiana vs. [13] UNC Wilmington,2002,32,8,12.56,,,,9.66,9,1,0,0,
[4] Illinois vs. [12] Creighton,2002,32,8,10.86,,,,5.86,12,1,0,0,
[3] Arizona vs. [11] Wyoming,2002,32,8,10.50,,,,23.07,8,1,0,0,
[4] Kentucky vs. [12] Tulsa,2002,32,8,6.97,,,,11.38,5,1,0,0,
[3] Georgia vs. [11] Southern Illinois,2002,32,8,5.40,,,,2.33,-2,0,0,0,
[4] Ohio State vs. [12] Missouri,2002,32,8,5.07,,,,1.04,-16,0,0,0,
[2] Alabama vs. [10] Kent State,2002,32,8,-0.39,,,,1.08,-13,0,0,0,
[1] Duke vs. [8] Notre Dame,2002,32,7,15.75,,,,9.21,7,1,0,0,
[1] Cincinnati vs. [8] UCLA,2002,32,7,14.34,,,,-5.05,-4,0,0,0,
[1] Maryland vs. [8] Wisconsin,2002,32,7,12.80,,,,-2.89,30,1,0,0,
[1] Kansas vs. [8] Stanford,2002,32,7,5.68,,,,5.20,23,1,0,0,
[2] Oregon vs. [7] Wake Forest,2002,32,5,7.18,,,,-8.50,5,1,0,0,
[2] Oklahoma vs. [7] Xavier,2002,32,5,5.52,,,,-2.89,13,1,0,0,
[2] UConn vs. [7] N.C. State,2002,32,5,-0.47,,,,5.42,3,1,0,0,
[3] Pitt vs. [6] Cal,2002,32,3,2.24,,,,-6.16,13,1,0,0,
[3] Mississippi State vs. [6] Texas,2002,32,3,1.96,,,,-7.63,-4,0,0,0,
[2] UConn vs. [11] Southern Illinois,2002,16,9,5.01,,,,1.74,12,1,0,0,
[3] Pitt vs. [10] Kent State,2002,16,7,-0.59,,,,-8.46,-5,0,0,0,
[1] Duke vs. [5] Indiana,2002,16,4,10.67,,,,-5.99,-1,0,0,0,
[2] Oregon vs. [6] Texas,2002,16,4,6.57,,,,-8.45,2,1,0,0,
[8] UCLA vs. [12] Missouri,2002,16,4,0.18,,,,9.17,-9,0,0,0,
[1] Kansas vs. [4] Illinois,2002,16,3,5.79,,,,0.66,4,1,0,0,
[1] Maryland vs. [4] Kentucky,2002,16,3,5.37,,,,-4.75,10,1,0,0,
[2] Oklahoma vs. [3] Arizona,2002,16,1,3.77,,,,-16.13,21,1,0,0,
[2] Oklahoma vs. [12] Missouri,2002,8,10,9.11,,,,1.26,6,1,0,0,
[5] Indiana vs. [10] Kent State,2002,8,5,3.19,,,,12.10,12,1,0,0,
[1] Maryland vs. [2] UConn,2002,8,1,8.66,,,,1.40,8,1,0,0,
[1] Kansas vs. [2] Oregon,2002,8,1,5.36,,,,10.09,18,1,0,0,
[2] Oklahoma vs. [5] Indiana,2002,4,3,1.95,,,,-10.96,-9,0,0,0,
[1] Maryland vs. [1] Kansas,2002,4,0,-1.34,,,,-3.79,9,1,0,0,
[1] Maryland vs. [5] Indiana,2002,2,4,3.41,,,,-8.39,12,1,0,0,